Phone,First Name,Last Name,Email,Street,City,State Abbr,Zip Code
409-991-4946,Amber,Wright,a.g.wright@hotmail.com,8072 Mulberry Street,Smithville,MO,64089
862-464-6378,Charles,Parker,c.parker@yahoo.com,55455 Jefferson Street,Hampton,CT,06247
708-946-8245,Emily,Foster,emilyruthfoster21@hotmail.com,29 Heather Lane,Denver,CO,80270
720-807-2102,Andrew,Brooks,ambrooks@ymail.com,1962 7th Avenue,Kalamazoo,MI,49006
308-231-0566,Henry,Foster,hmfoster@gmail.com,1067 Cambridge Court,Big Bend National Park,TX,79834
863-993-3005,Ryan,Diaz,r.a.diaz@yahoo.com,3414 Vine Street,Orange,CA,92868
325-909-5721,Justin,Johnson,jjohnson@yahoo.com,74 Laurel Street,Baltimore,MD,21229
575-338-6027,Theodore,Harris,theodoreharris@rocketmail.com,2 Mill Street,Polk,MO,65727
254-982-6510,Samuel,Morris,samuel_william_morris@aol.com,53 Summit Street,Kansas City,MO,64147
858-961-7166,Henry,Peterson,henry_peterson@live.com,175 Fairway Drive,Dwight,NE,68635
414-869-0721,Thomas,Brown,thbrown@ymail.com,18275 Grove Street,Kingsley,IA,51028
813-393-3267,Ava,King,a.s.king47@hotmail.com,129 Dogwood Lane,Horace,ND,58047
270-789-7504,Maria,Hall,mariahall@live.com,38 Water Street,Green Bay,WI,54313
220-052-5117,Eleanor,Russell,e_russell@gmail.com,50 1st Avenue,Grassy Creek,NC,28631
935-279-1117,Jonathan,Davis,jonathanfrancis@yahoo.com,674 New Street,Birch Tree,MO,65438
386-534-9232,Nathan,Evans,nathanjevans@hotmail.com,38153 5th Street,Houston,TX,77044
361-539-5246,Kyle,Perez,kyle.henry45@yahoo.com,37283 Sunset Drive,Charlotte,NC,28227
903-475-6756,Kayla,Lopez,k.d.lopez@yahoo.com,79 Colonial Drive,Moccasin,MT,59462
907-820-6138,Taylor,Washington,t.m.washington@ymail.com,6075 North Street,Versailles,CT,06383
682-122-3595,Ava,Morgan,ava.morgan@aol.com,6117 Clark Street,Morris Chapel,TN,38361
309-138-6109,Steven,Wright,steven.henry.wright@outlook.com,6128 James Street,Cochecton,NY,12726
203-819-9320,Katherine,Wood,katherine_wood@aol.com,44 Maple Street,Shrewsbury,MA,01546
281-644-3903,Jeremy,Bailey,jeremy.scott.bailey@outlook.com,17 Harrison Street,Indore,WV,25111
629-690-1005,Heather,James,hjames@yahoo.com,914 Elm Street,Palm Coast,FL,32142
616-792-5574,Danielle,Stewart,d.stewart26@ymail.com,96958 Franklin Street,Port Arthur,TX,77641
530-050-0809,Amanda,Wood,ajwood@ymail.com,7350 Front Street,West Palm Beach,FL,33413
925-553-0215,Timothy,Roberts,timothy.w@hotmail.com,1934 3rd Street,Thorn Hill,TN,37881
309-596-2882,Audrey,Ward,audreyward@ymail.com,31514 Willow Street,Santa Clara,CA,95052
240-865-0291,Olivia,Carter,olivia_g_carter@outlook.com,73 Prospect Street,Park City,UT,84098
575-607-8221,Brian,White,brian.white@outlook.com,79826 Fairway Drive,Staunton,VA,24402
651-490-6038,Stephanie,Lewis,s.lewis89@outlook.com,52 Division Street,Tsaile,AZ,86556
862-374-1014,Isaac,Martin,isaacmartin@yahoo.com,963 Church Street,Vail,IA,51465
223-190-8278,Brianna,Brown,brianna.r.brown@live.com,3005 Route 6,Doddsville,MS,38736
904-201-9981,Jack,Butler,jack.henry.butler@rocketmail.com,963 Laurel Lane,Yonkers,NY,10703
774-227-2690,Jennifer,Bryant,jennifer.bryant@yahoo.com,72 Fairview Avenue,Pleasant Valley,NY,12938
360-859-3642,Adam,Martinez,adam_martinez@ymail.com,73404 Cherry Lane,Brookfield,WI,53008
412-675-4367,Anthony,Patterson,anthony_lee@outlook.com,65244 Poplar Street,San Marcos,TX,78666
857-411-0171,Emily,Rivera,emily_rivera99@outlook.com,47528 7th Avenue,San Francisco,CA,94152
302-589-8441,Victoria,James,victoria.jane@live.com,1240 Fairview Avenue,Seattle,WA,98104
606-584-6320,Chelsea,Russell,chelsea@live.com,302 Lincoln Street,Bridgeport,MI,48722
464-206-8132,Oliver,Clark,o_clark@rocketmail.com,13131 Primrose Lane,Madison,WI,53789
314-227-5350,John,Rogers,j_s_rogers89@gmail.com,29042 Hill Street,Asheville,NC,28805
509-136-9151,Rebecca,Thompson,rebeccam@rocketmail.com,62 Spring Street,Burnside,IL,62318
573-542-9727,Joshua,Richardson,joshua_edward_richardson@hotmail.com,1159 Main Street North,Plant City,FL,33564
252-034-9245,Matthew,Rogers,m.a@rocketmail.com,39 2nd Street West,Philadelphia,PA,19116
517-856-4243,Patrick,Gray,p_e_gray@aol.com,6263 Elm Street,Ludell,KS,67744
260-660-5951,Brian,Peterson,b_peterson37@ymail.com,5795 Maple Avenue,Deputy,IN,47230
959-955-8797,Maria,Nelson,m_l@rocketmail.com,5835 Walnut Avenue,Conception Junction,MO,64434
336-098-5583,Chelsea,Turner,c_turner@live.com,69387 6th Street,Grandfield,ND,58371
571-749-7616,Amber,Russell,a.russell@aol.com,407 West Street,Waka,TX,79093
989-334-2635,Joshua,Young,joshua_w_young@ymail.com,3326 Hillside Avenue,Tucker,AR,72168
952-725-5915,William,Perry,williamperry@aol.com,4408 Dogwood Lane,Derby,OH,43117
614-999-2432,Gabriel,Morgan,gabriel_morgan@hotmail.com,87517 Broadway,Curryville,MO,63339
205-833-6477,Christopher,Butler,cbutler@ymail.com,61521 Hill Street,Cloutierville,LA,71416
573-791-8699,Joseph,Robinson,j.robinson@hotmail.com,78 Route 6,Warbranch,KY,40874
737-059-2494,Danielle,Gray,dgray@live.com,8512 Hillcrest Drive,Jonesville,IN,47247
212-053-3967,Samantha,Washington,sr@yahoo.com,42 Church Street,Rose Bud,AR,72137
303-645-0951,Jonathan,Martinez,jonathan@aol.com,42608 Green Street,Altamonte Springs,FL,32715
850-169-9618,Natalie,Sanders,nmsanders@live.com,24 Linden Street,Alamosa,CO,81102
252-343-0132,Mark,Price,mark_price@gmail.com,7652 Creek Road,Coolin,ID,83821
848-641-7948,James,Jenkins,jejenkins82@outlook.com,856 Railroad Avenue,Staten Island,NY,10305
425-405-5528,Grace,Baker,gbaker@outlook.com,6655 School Street,Easton,MA,02334
980-138-6107,Claire,Adams,claire_m_adams@gmail.com,75 Holly Drive,Springfield,IL,62769
567-173-4558,Charles,Morgan,cmorgan@live.com,60019 Creek Road,Columbus,OH,43201
913-364-1725,James,Thomas,j_s_thomas@rocketmail.com,595 Oak Lane,Jesup,GA,31545
936-476-1169,Sofia,Hernandez,sofia.hernandez@live.com,964 Broadway,New London,TX,75682
903-444-6641,Nicholas,Foster,n_a_foster@hotmail.com,464 2nd Street,Sarasota,FL,34235
858-802-1076,Natalie,James,natalie_james28@live.com,88631 Meadow Lane,Las Cruces,NM,88011
714-565-6529,Thomas,Morris,thomas_m_morris@ymail.com,144 Primrose Lane,Orleans,VT,05860
423-082-8570,Thomas,Young,thomas_young@outlook.com,8892 Fairway Drive,Stonington,ME,04681
920-517-5520,Robert,Taylor,robert_lee_taylor81@ymail.com,17 Chestnut Street,Newark,NJ,07195
973-485-4924,Joshua,Taylor,j_r_taylor50@hotmail.com,1799 Pleasant Street,Urania,LA,71480
975-038-6320,Taylor,Mitchell,tmitchell66@yahoo.com,56 Essex Court,Tulsa,OK,74170
209-833-7649,Steven,Baker,steven_j@yahoo.com,256 Church Road,Cedar Island,NC,28520
239-239-0552,Matthew,Martin,m_c_martin@live.com,41807 Division Street,Pasadena,CA,91121
815-142-4401,Eleanor,Johnson,e.m.johnson@hotmail.com,41155 Jefferson Street,Salisbury,MD,21803
484-953-9803,Tiffany,Taylor,t_r_taylor@ymail.com,11 Hamilton Street,Lexington,KY,40583
740-897-9399,Sara,Lee,sara.may@aol.com,84003 Broadway,Campbell,CA,95008
959-684-6778,Maria,Flores,m_l_flores30@live.com,10231 Summit Street,Oak Ridge,NC,27310
430-192-5183,Samuel,Jones,samuel.wayne.jones@aol.com,89756 6th Avenue,Bradenton,FL,34282
574-153-8101,Danielle,Cook,danielle.dawn.cook75@yahoo.com,5194 Union Street,Ingleside,TX,78362
309-262-2762,Samuel,Sanders,s_sanders@gmail.com,21 11th Street,Portis,KS,67474
713-455-8044,Benjamin,Parker,b.f.parker@aol.com,798 Harrison Street,Seal Beach,CA,90740
651-291-8287,Allison,Miller,a_miller76@rocketmail.com,619 5th Street,Seville,OH,44273
509-145-0877,Natalie,Wright,n_wright@hotmail.com,17002 Hill Street,Powersite,MO,65731
401-408-5067,Stephanie,Hughes,stephanie@ymail.com,9335 Water Street,Wallisville,TX,77597
530-910-4677,Emily,Allen,em51@gmail.com,18 1st Avenue,Portland,ME,04101
707-938-4268,Nicole,Green,nkgreen@hotmail.com,66711 2nd Street East,Shelby,OH,44875
615-163-7169,Tyler,Thompson,tyler_anthony_thompson@ymail.com,181 3rd Avenue,Brooksville,FL,34605
210-781-0978,Kayla,Henderson,kayla@ymail.com,62 Pennsylvania Avenue,Shreveport,LA,71120
609-202-6976,Sean,Russell,s.russell@yahoo.com,770 Willow Street,Thornton,KY,41855
317-387-9525,William,Harris,william_charles_harris@hotmail.com,80 12th Street,Cherokee,AL,35616
828-495-1136,Evelyn,Gray,e.r.gray@aol.com,245 Water Street,Ithaca,MI,48847
973-814-4245,Mark,Williams,mark.williams@outlook.com,70105 Clark Street,Ethan,SD,57334
612-582-1789,Jose,Murphy,josedmurphy@rocketmail.com,500 13th Street,Morgan City,LA,70381
218-903-8729,Steven,Turner,s_e@gmail.com,258 Washington Street,Lily Dale,NY,14752
580-582-0889,Mark,Scott,m.scott@rocketmail.com,625 Washington Avenue,Boynton Beach,FL,33424
913-247-9712,Brandon,Perry,b.perry@outlook.com,14 Mill Road,Villa Park,IL,60181
508-978-3624,Aiden,Lewis,alewis@gmail.com,18381 Fairway Drive,Northfield,MA,01354
912-347-7792,Zachary,Brown,z_r_brown@hotmail.com,37249 Lafayette Avenue,Perkins,OK,74059
774-390-1999,Aubrey,Brooks,abrooks@hotmail.com,6942 Cedar Street,Hingham,MA,02044
863-786-0338,Oliver,Green,oliver@ymail.com,29 2nd Street East,Neotsu,OR,97364
978-318-0457,Danielle,Walker,dwalker@hotmail.com,7695 Oak Street,Centerville,TN,37033
509-610-4902,Kyle,Jones,kylejones47@gmail.com,789 Summit Street,Ellsworth,IA,50075
574-016-8823,Tiffany,Richardson,tiffany_richardson@hotmail.com,7804 Hill Street,Lando,SC,29724
775-272-3293,Amanda,Robinson,a.robinson@aol.com,7393 Main Street East,Canby,MN,56220
810-882-4302,Aubrey,Brown,aubreybrown24@ymail.com,8118 Cambridge Court,Fall River Mills,CA,96028
262-497-0737,Evelyn,Smith,evelyn_ann_smith8@outlook.com,9308 School Street,Rowena,TX,76875
424-208-3659,Audrey,Rogers,al@live.com,75979 2nd Avenue,San Jose,CA,95118
561-626-2067,Hannah,Evans,h.n.evans@hotmail.com,96655 Academy Street,Lebanon,KS,66952
815-240-9691,Taylor,Sanchez,taylor_sanchez@hotmail.com,17 7th Street,Glenrock,WY,82637
831-599-3005,Brian,Cooper,bcooper@live.com,918 Bridge Street,Tracy,CA,95378
240-386-0791,Jack,Morris,j_morris@live.com,1207 Route 1,Parsons,WV,26287
228-781-9304,Samuel,Rogers,samuel_rogers@rocketmail.com,11 Dogwood Lane,Ashkum,IL,60911
850-068-1817,Victoria,Russell,v.l.russell35@gmail.com,147 Clark Street,Jackson,IN,47718
601-513-6751,Ashley,Hall,ashley_r@hotmail.com,999 Clinton Street,Maydelle,TX,75772
269-658-2927,Mary,Russell,mary@rocketmail.com,89417 Oak Street,Glen Dale,WV,26038
901-664-3572,Stephanie,Simmons,stephanie_simmons@ymail.com,76318 Pine Street,Gig Harbor,WA,98332
951-332-6490,Jasmine,Bailey,jasminem@gmail.com,2186 Williams Street,Redford,NY,12978
765-387-7554,Ethan,Russell,ethanrussell@aol.com,54699 Vine Street,Truckee,CA,96162
830-897-8087,William,Watson,w_watson@ymail.com,48639 Spring Street,Mercer,TN,38392
386-964-8417,Anna,Alexander,anna@ymail.com,95 Jefferson Street,Monticello,AR,71655
779-844-3089,Brittany,Parker,brittany_l_parker@aol.com,9358 Cherry Street,Youngstown,FL,32466
575-307-0300,Jonathan,Ross,jonathan.c.ross@outlook.com,7 Mill Road,Metairie,LA,70060
903-539-5395,William,Williams,w.williams@live.com,79 Sunset Drive,Florence,AL,35634
912-251-7043,Sean,Bennett,srbennett@aol.com,54280 Lincoln Street,Arcola,PA,19420
214-920-6037,Adam,Gonzales,adam@aol.com,8893 4th Street,Clark,MO,65243
951-663-3216,Samantha,Diaz,samantha73@rocketmail.com,22893 Union Street,Crestview,FL,32536
629-580-2607,Patrick,Morris,patrick_allen_morris9@yahoo.com,87 Hill Street,Ellicott City,MD,21043
505-127-9815,Kevin,Jenkins,kevin_jenkins@aol.com,587 Main Street West,Drury,MA,01343
516-337-5120,Christopher,Garcia,christopherjohngarcia@yahoo.com,53183 Adams Street,Odessa,MO,64076
469-437-8719,Lillian,Perez,lnperez@rocketmail.com,42 Cherry Lane,New Market,IN,47965
470-236-7172,Claire,Robinson,claire_robinson23@ymail.com,52982 Poplar Street,Mount Hope,KS,67108
201-510-2613,Kevin,Phillips,kdphillips@hotmail.com,33 Court Street,Washington,IN,47169
865-864-0240,Allison,Wood,a.m.wood97@ymail.com,26 Hilltop Road,Conway,SC,29527
409-105-7885,Sofia,Kelly,skelly@outlook.com,7719 Railroad Avenue,Gravois Mills,MO,65037
574-565-4655,Kelsey,Powell,k.m.powell@aol.com,19 Belmont Avenue,Kingsville,MO,64061
240-811-0122,Sara,Hall,sara.hall@ymail.com,58148 New Street,Anderson,SC,29626
765-511-2724,Heather,Harris,hr@yahoo.com,66 3rd Street,Sunderland,MD,20689
309-365-2014,Julian,Adams,j.adams@ymail.com,19408 Hilltop Road,Strasburg,CO,80136
323-293-7552,Kaitlyn,Coleman,kaitlyn_kay_coleman@rocketmail.com,58211 Lincoln Street,Burt Lake,MI,49717
957-148-9342,John,James,john.james@live.com,877 Pine Street,Ellenton,FL,34222
567-661-2243,Joseph,Gonzales,joseph.gonzales@yahoo.com,9141 11th Street,Forbes Road,PA,15633
973-474-2313,Kaitlyn,Sanders,k.m.sanders76@aol.com,59486 Main Street South,Gordonville,MO,63752
985-480-9135,Kyle,Diaz,kylediaz@hotmail.com,9065 Harrison Street,Waxahachie,TX,75167
303-902-9495,Sophia,Hernandez,s.hernandez@rocketmail.com,62 Magnolia Drive,Viola,IL,61486
501-845-6038,Steven,Flores,s_flores@yahoo.com,91 Mill Road,Bradley,ME,04411
804-731-9714,Robert,Thomas,robert.e.thomas@rocketmail.com,93 5th Street,Samburg,TN,38254
413-448-0513,Lauren,Wood,lswood@hotmail.com,43309 Lakeview Drive,Perks,IL,62973
918-231-6459,Daniel,Ramirez,d_ramirez@yahoo.com,6309 Charles Street,Waterford,MI,48329
935-563-1230,Maria,White,maria_may_white34@outlook.com,41 Pearl Street,Gibbon Glade,PA,15440
845-010-6707,Adam,Carter,a_l_carter@outlook.com,71084 Prospect Avenue,Newport News,VA,23612
650-154-3779,Matthew,Clark,matthew_lee_clark@ymail.com,96 7th Avenue,Hallock,MN,56728
208-820-3709,Joshua,Evans,j_evans@rocketmail.com,72143 Division Street,Congers,NY,10920
210-643-8393,Alexander,Foster,alexander_r_foster@aol.com,36039 2nd Avenue,Standish,CA,96128
813-591-3104,Amanda,Mitchell,amanda.lou@gmail.com,72761 Franklin Street,Garneill,MT,59445
425-931-1219,Aiden,Jenkins,aiden.eugene.jenkins@aol.com,91366 Main Street,Monterey,CA,93940
314-576-5005,Kimberly,Nelson,krnelson@outlook.com,70 Jefferson Street,Gould City,MI,49838
701-812-0008,Aiden,Morgan,aiden.morgan@hotmail.com,9 Park Place,Naponee,NE,68960
620-538-7360,Justin,Perez,justin_anthony_perez@hotmail.com,35724 5th Street North,Lyman,WA,98263
209-523-9394,Heather,Bailey,heatherbailey@gmail.com,63182 Railroad Avenue,Watertown,MA,02272
517-623-8124,Taylor,Price,taylor@gmail.com,724 7th Avenue,Wilson,LA,70789
305-112-9329,Jessica,Garcia,j.e.garcia@rocketmail.com,904 George Street,El Paso,TX,79941
203-291-3543,Charles,Sanchez,charlesjsanchez@hotmail.com,2919 College Avenue,Ocala,FL,34483
571-625-2549,Michael,Morris,m_morris@hotmail.com,700 Colonial Drive,Tilghman,MD,21671
234-707-4754,Julian,Williams,julian_williams33@hotmail.com,11178 Pine Street,Shubuta,MS,39360
714-936-3862,Alexandra,White,a_white@hotmail.com,53 Lake Street,Atlanta,TX,75551
402-544-9700,Eric,Powell,eric.powell@rocketmail.com,23400 Fairway Drive,Saint Petersburg,FL,33737
443-677-8790,Megan,Brown,mbrown@aol.com,24 Chestnut Street,Chambers,AZ,86502
607-757-9234,Gabriel,Diaz,gabriel.m.diaz@live.com,9385 Elm Avenue,Wichita,KS,67205
957-346-9175,Joshua,Butler,joshua_butler@yahoo.com,910 College Street,Franklin,NH,03235
614-055-7948,Mateo,Hall,mahall@hotmail.com,9473 Water Street,Kerkhoven,MN,56252
423-336-6837,Adam,King,a.king@live.com,5007 Clark Street,North Salem,NH,03073
425-406-2295,Dylan,Henderson,d_s@hotmail.com,3772 Oak Lane,Elizabethtown,NC,28337
586-603-1949,Benjamin,Henderson,benjamin_alan_henderson@hotmail.com,2251 Ridge Road,Mertztown,PA,19539
775-641-3157,Rachel,Gray,r_gray@hotmail.com,3234 Main Street East,Gilmer,WV,26350
616-548-9933,Haley,Lopez,haley_lopez@aol.com,57 Grant Street,Tennessee Colony,TX,75884
586-574-2801,Mateo,King,mateo.king20@ymail.com,706 Main Street East,Deep Run,NC,28525
805-422-5014,Timothy,Perez,ttperez2@aol.com,82 2nd Avenue,Fargo,ND,58125
407-900-6799,Mark,Torres,m.j.torres@yahoo.com,12 Mill Road,McBee,SC,29101
740-253-7956,Alexis,Harris,alexis.harris@live.com,2749 Magnolia Drive,Kamiah,ID,83536
718-350-4825,Jasmine,Edwards,jasmine_i_edwards@ymail.com,82508 Park Place,Cortland,OH,44410
847-593-1069,James,Kelly,j_kelly10@ymail.com,913 9th Street,Terre Haute,IN,47814
318-470-7543,Emily,Scott,emily.kay.scott@yahoo.com,26249 Mulberry Street,El Granada,CA,94018
276-030-7726,Zachary,Wright,zachary_wright@live.com,69 11th Street,Lake City,SC,29560
734-590-2451,Ryan,Henderson,r_henderson@aol.com,502 Franklin Street,Boyds,MD,20841
346-365-5200,Aaron,Jones,aejones@rocketmail.com,99 Mill Street,Clarkrange,TN,38553
478-678-1310,Anthony,Baker,a_baker@live.com,118 6th Street West,Cotulla,TX,78014
984-365-8388,Robert,Wood,robert76@rocketmail.com,40304 Surrey Lane,Goetzville,MI,49736
504-851-9904,Charlotte,Edwards,c.edwards@ymail.com,68803 Penn Street,Black Diamond,WA,98010
914-643-4156,Sara,Mitchell,s.e@aol.com,41 Summit Avenue,El Paso,TX,79941
909-633-0521,Julian,Johnson,jjohnson@aol.com,3175 Ridge Avenue,Hartland,VT,05048
912-689-3210,Oliver,Phillips,o_phillips@aol.com,7249 7th Street East,Saint John,WA,99127
765-776-0193,Julian,Brown,julian.wayne.brown19@gmail.com,62382 Hamilton Street,Gary,IN,46409
641-721-4507,Charles,White,c.white39@live.com,73 Penn Street,Morristown,NJ,07961
215-145-3180,Allison,Perry,a_perry@gmail.com,75365 Route 32,Leesville,LA,71459
832-150-0639,Charles,Scott,charlesascott@ymail.com,90388 5th Street North,Rembert,SC,29128
331-390-7225,Megan,Phillips,mphillips47@ymail.com,152 2nd Street,Hagerstown,MD,21748
419-369-5239,Jonathan,Barnes,j.barnes@gmail.com,689 Sunset Drive,La Coste,TX,78039
857-216-7037,Brian,Turner,brian.david.turner71@gmail.com,3430 Park Place,Staples,TX,78670
918-449-1014,Benjamin,Miller,b.miller@outlook.com,204 Dogwood Lane,New Canaan,CT,06840
808-568-5202,Nicholas,Reed,nicholas_reed@hotmail.com,66 Willow Street,Crane Lake,MN,55725
679-389-3766,Alexandra,Cox,alcox63@aol.com,27432 Railroad Street,Quinby,VA,23423
504-939-7685,Andrew,Flores,a.r60@outlook.com,3334 Hamilton Street,Orland,ME,04472
502-526-6535,Stephanie,Collins,stephanie_rose59@outlook.com,58061 Water Street,Clarington,PA,15828
786-253-8571,Michael,Powell,michael.powell@ymail.com,89878 Jefferson Street,Rosebush,MI,48878
857-785-7938,Lauren,Hill,l_hill97@yahoo.com,903 7th Street,Fort Lauderdale,FL,33323
920-218-2688,Jack,Bailey,jack.bailey@outlook.com,85 Front Street,Ramah,CO,80832
304-711-9681,Jonathan,Walker,jwalker@aol.com,98386 George Street,Burbank,CA,91506
915-400-6583,Samuel,Jones,sfjones82@gmail.com,723 Pennsylvania Avenue,Lordsburg,NM,88045
612-245-9264,Sarah,Bennett,sarah_lee_bennett57@gmail.com,224 4th Street West,Bennett,CO,80102
689-427-4681,Laura,Henderson,lauramargarethenderson@ymail.com,19599 Park Street,Des Moines,IA,50360
385-645-2123,Stephanie,Patterson,stephanie@hotmail.com,70 3rd Street West,Bremond,TX,76629
919-565-2123,Aubrey,Lee,a.k.lee@rocketmail.com,6452 Lafayette Avenue,Aripeka,FL,34679
360-658-0544,Nathan,Cooper,nathan.cooper@aol.com,1376 Linden Street,Jacksonville,FL,32214
916-272-9442,Joshua,Henderson,joshuahenderson@aol.com,46 Dogwood Drive,Brooklyn,NY,11207
424-329-4051,Amber,Taylor,amber.louise.taylor13@gmail.com,979 Cherry Street,Samnorwood,TX,79077
605-331-9124,Kyle,Howard,k_howard@aol.com,73 Laurel Street,Axtell,TX,76624
763-441-9710,Kayla,Stewart,kaylajeanstewart@gmail.com,257 Cambridge Court,Shawnee Mission,KS,66213
530-013-5803,Laura,Perez,lperez@rocketmail.com,74 Hillcrest Drive,Haddam,CT,06438
774-957-5047,Amber,Simmons,asimmons@live.com,13708 3rd Avenue,Dunbar,KY,42219
743-735-9575,Megan,Miller,m.n.miller@rocketmail.com,221 Cedar Street,Platte City,MO,64079
414-145-8457,Emma,Gonzales,egonzales@hotmail.com,58522 Chestnut Street,Chalk Hill,PA,15421
978-494-3916,Jessica,Ramirez,j.ramirez15@hotmail.com,4836 Union Street,Saint Joseph,MO,64502
927-734-6584,Anna,Morgan,a_e@live.com,22 Laurel Street,Westlake,LA,70669
927-331-5758,Dylan,Jones,dylan.jones@live.com,695 Park Avenue,Whitesboro,NJ,08252
557-978-9102,Stephen,Powell,stephenalanpowell@hotmail.com,1727 Elm Street,McClure,OH,43534
765-561-8998,David,Wood,d_a_wood@ymail.com,35 Elm Street,Nampa,ID,83652
717-588-7357,Brianna,Clark,bkclark@ymail.com,5183 Brookside Drive,Mobile,AL,36615
318-290-2429,Evelyn,Phillips,evelyn@gmail.com,56508 Front Street,Le Grand,IA,50142
678-235-0658,Laura,Jackson,l.jackson@hotmail.com,36 5th Street West,Earleton,FL,32631
857-070-3253,Jennifer,Hill,j.e.hill@ymail.com,93142 Dogwood Lane,Batavia,NY,14021
707-511-4913,Stephanie,Thompson,s_thompson@hotmail.com,35201 Green Street,Littlerock,CA,93543
216-414-9484,Michael,Wilson,michaelwilson@aol.com,740 School Street,Charleston,WV,25331
239-953-9618,Emma,Powell,e_m_powell@ymail.com,2313 River Street,Chinle,AZ,86503
831-578-7029,Jeremy,Morgan,jmorgan@hotmail.com,52638 Liberty Street,Hatfield,PA,19440
607-568-0676,Julian,Williams,julianrwilliams@ymail.com,786 8th Street,Canton,OH,44720
256-185-8792,Charles,Patterson,cmpatterson@yahoo.com,323 College Street,Beirne,AR,71721
283-674-9602,Courtney,Rodriguez,courtney_ann_rodriguez@hotmail.com,734 Lincoln Street,Fairfax,SC,29827
325-789-0898,Victoria,Hernandez,victoria.r.hernandez@aol.com,29 Main Street South,Colorado Springs,CO,80919
318-917-9217,Charles,Washington,c_j_washington66@yahoo.com,2828 School Street,Armstrong Creek,WI,54103
339-360-0108,Jessica,Torres,jessica.lynn.torres74@ymail.com,874 Primrose Lane,Roanoke,VA,24006
701-767-3334,Tiffany,Parker,tiffanyparker@ymail.com,3447 Jefferson Street,Hicksville,NY,11801
224-879-4265,Nathan,Brooks,nathan.brooks@hotmail.com,960 Liberty Street,Bronson,IA,51007
601-570-8291,Ethan,Patterson,e_r_patterson31@outlook.com,564 6th Avenue,Shreveport,LA,71136
515-352-3018,Eric,Turner,e.a.turner@yahoo.com,3504 Beech Street,Providence,RI,02940
623-828-5704,Laura,Lee,l_s_lee@aol.com,6057 Essex Court,Wanda,MN,56294
217-898-0190,Adam,Morris,adam.h.morris@yahoo.com,1 Bridge Street,New London,WI,54061
941-967-3557,Julian,Barnes,jsbarnes@aol.com,85286 Elizabeth Street,Marion,WI,54950
856-194-3616,Jason,Williams,jasonjosephwilliams@yahoo.com,25 Buckingham Drive,Wilder,VT,05088
650-900-4716,Victoria,Adams,vadams@ymail.com,238 Lincoln Street,Fulks Run,VA,22830
857-923-8103,Natalie,James,nataliekjames2@gmail.com,916 Williams Street,Bradenton,FL,34208
408-735-1948,Elizabeth,Garcia,e.garcia@ymail.com,27014 7th Street,Savoonga,AK,99769
972-325-9435,Ashley,Jones,a_jones@live.com,43661 Union Street,Brooklyn,NY,11249
828-447-9949,Dylan,Bennett,dylan.bennett@yahoo.com,745 Ridge Road,Greensboro,NC,27425
423-646-1069,Taylor,Wilson,taylorann27@hotmail.com,35 Pine Street,Boston,MA,02204
336-498-4507,Austin,Ward,austin_alexander_ward@rocketmail.com,936 Valley Road,East Claridon,OH,44033
669-344-6065,Amanda,Robinson,amanda_robinson@live.com,96037 9th Street,East Dover,VT,05341
845-288-0865,Jose,Sanchez,j_sanchez@rocketmail.com,9 Ridge Avenue,Coldwater,OH,45828
651-840-0219,Zachary,Powell,z.c.powell@hotmail.com,39930 Elizabeth Street,San Bernardino,CA,92411
580-177-4662,Robert,Rodriguez,robert@ymail.com,68 Liberty Street,Houston,TX,77261
727-795-1666,Julian,Gray,julian_m_gray@hotmail.com,33 Chestnut Street,Lake Benton,MN,56149
775-201-6361,Abigail,King,a_king26@ymail.com,441 Railroad Street,Walnut Creek,OH,44687
346-945-2923,William,Carter,williamcarter@gmail.com,48326 Railroad Avenue,Mahanoy City,PA,17948
830-920-2298,Daniel,Rodriguez,d.rodriguez10@rocketmail.com,72028 10th Street,Algonac,MI,48001
559-293-2916,Melissa,Clark,melissaclark66@hotmail.com,475 Woodland Drive,Chitina,AK,99566
641-672-2041,Mateo,Powell,mateorichardpowell@live.com,201 Beech Street,Des Moines,IA,50328
929-061-1990,Isaac,Powell,i.powell@outlook.com,69117 Cherry Lane,Winston Salem,NC,27150
957-428-2499,Amber,Lopez,amber.lopez@outlook.com,41079 Colonial Drive,Artesia,NM,88211
872-648-0589,Aaron,Sanders,aaron@rocketmail.com,524 Valley Road,Winnebago,WI,54985
539-979-7044,Layla,Rivera,l.rivera@hotmail.com,75533 Front Street,West Blocton,AL,35184
772-715-1373,Isaac,Clark,i.r.clark81@aol.com,18 Madison Avenue,Muldrow,OK,74968
606-967-5110,Katherine,Wilson,katherine@yahoo.com,464 Main Street North,Ozark,AL,36360
209-494-4439,Laura,Ross,lross16@live.com,939 Laurel Lane,Westland,PA,15378
424-977-4666,Steven,Richardson,stevenrichardson@rocketmail.com,8213 Summit Avenue,East Longmeadow,MA,01028
209-469-6084,Matthew,Wood,matthew.lee.wood@hotmail.com,85936 Lafayette Avenue,Lone Grove,OK,73443
413-402-7525,Natalie,Price,natalie@ymail.com,57 West Street,Mount Vernon,IN,47620
984-363-9289,Hannah,Miller,h_miller@aol.com,208 Center Street,Weedville,PA,15868
713-168-6253,Eric,Foster,eric_r_foster@live.com,378 Colonial Drive,Midvale,ID,83645
925-396-3892,Brittany,Ross,b.a.ross76@rocketmail.com,34 Route 1,Newark,MO,63458
754-269-5415,Oliver,Coleman,ojcoleman@live.com,89291 2nd Avenue,Adams,OR,97810
305-969-9777,Jose,Rogers,j_l_rogers76@live.com,5375 13th Street,Hendricks,WV,26271
954-233-1357,Samantha,Wilson,samantha_m_wilson83@gmail.com,182 2nd Street,Butte,MT,59750
504-176-7050,Lillian,Turner,l_turner@gmail.com,905 Broadway,West Fargo,ND,58078
254-923-0532,Anthony,Howard,anthony_howard@aol.com,6615 Brookside Drive,Sheboygan,WI,53083
832-857-6554,Rachel,Gray,rachelnicolegray16@rocketmail.com,6153 South Street,Washington,DC,20581
331-344-1684,Tyler,Evans,tyler_a_evans@hotmail.com,75267 Circle Drive,New Bedford,MA,02744
631-553-4654,Brittany,Thomas,b_m@live.com,465 Walnut Street,Le Raysville,PA,18829
270-526-1854,Mary,Wood,mwood@aol.com,606 Main Street South,Long Beach,CA,90802
754-969-0730,Benjamin,Hill,benjamin.hill8@yahoo.com,8507 Linden Street,Loughman,FL,33896
219-131-2409,Kelsey,Williams,k_e_williams40@rocketmail.com,982 Oak Lane,Princeton,TX,75407
959-141-1489,Isaac,Gonzales,i.gonzales33@gmail.com,17299 Park Avenue,Atlanta,GA,30362
360-182-7957,Michelle,Perry,m.m@yahoo.com,513 Williams Street,Cedar Rapids,IA,52405
510-738-1110,Thomas,Hall,thomas.m.hall@outlook.com,1182 George Street,Manly,IA,50456
434-892-8254,Nathan,Rogers,nathan_a_rogers@ymail.com,957 Hillcrest Drive,Washington,DC,20045
864-683-8414,Anna,Simmons,anna.marie.simmons@gmail.com,97775 Dogwood Lane,Morrow,LA,71356
406-477-7387,Brian,Hall,bmhall@rocketmail.com,1034 Dogwood Drive,Statesboro,GA,30459
212-365-8352,Haley,Garcia,h_l15@gmail.com,69 Delaware Avenue,Brushy Mound,IL,62043
919-013-4048,Brianna,Baker,brianna@live.com,9711 Hillside Avenue,San Diego,CA,92105
430-858-9416,Kayla,Campbell,kayla@hotmail.com,8591 2nd Street East,Lake Monroe,FL,32747
678-867-1985,Julian,Evans,julian.joseph.evans@hotmail.com,15731 Lincoln Avenue,Nelsonville,WI,54458
906-769-6970,William,Collins,w.a.collins@live.com,586 Willow Street,Fort Huachuca,AZ,85670
515-351-1809,Brittany,Collins,brittany.collins@hotmail.com,9256 Spruce Street,Northridge,CA,91329
430-647-2920,Rachel,Young,rachel_young97@yahoo.com,3 13th Street,Alamogordo,NM,88311
276-302-2773,Jennifer,Taylor,j_r@outlook.com,6935 4th Street,Greenbelt,MD,20768
770-350-5061,Rebecca,Martin,rmartin@live.com,79 Dogwood Lane,Falconer,NY,14733
361-473-3081,Eleanor,Powell,egpowell@live.com,94 Sunset Drive,Crescent City,IL,60928
626-095-4274,Alexis,Butler,alexis_butler@hotmail.com,3304 Market Street,San Diego,CA,92107
830-571-8035,Joshua,Martinez,j_a_martinez@hotmail.com,80469 Poplar Street,Clayton,WI,54004
650-713-2855,Courtney,Morgan,cimorgan41@outlook.com,63 Main Street South,Springfield,MO,65898
315-814-8196,Abigail,Torres,abigail.jane.torres@yahoo.com,72 4th Street North,Kerens,TX,75144
617-905-9909,Zachary,Evans,zachary_anthony_evans@live.com,15 7th Street,South Deerfield,MA,01373
201-050-9219,Emma,King,emma.g.king@rocketmail.com,4510 Grove Street,Honesdale,PA,18431
435-906-4550,Kimberly,Williams,kimberlymariewilliams@ymail.com,30 Park Drive,Corpus Christi,TX,78465
954-596-4327,Owen,Martinez,owen@outlook.com,61173 Lincoln Street,Kaltag,AK,99748
870-369-8903,Olivia,Torres,o_f_torres@aol.com,7616 Central Avenue,Clearwater,NE,68726
564-421-0766,Abigail,Russell,abigail.russell@yahoo.com,985 3rd Street,Charleston,WV,25314
484-819-3326,Amber,Alexander,aalexander@yahoo.com,6667 Willow Street,Jennings,LA,70546
817-069-0116,Michael,Hall,mhall71@live.com,33465 Green Street,Fedscreek,KY,41524
215-872-3895,Jason,Long,jason_long@aol.com,47 George Street,Remote,OR,97468
707-372-4456,Lillian,Ramirez,l.ramirez@outlook.com,4073 Mill Street,Mize,KY,41352
541-536-9393,Evelyn,Cook,evelyn@hotmail.com,7195 Front Street,Milford,IA,51351
540-883-6442,Gabriel,Simmons,gabrielrsimmons@ymail.com,684 George Street,Green Springs,OH,44836
931-758-8387,Aaron,Sanchez,atsanchez@yahoo.com,89 Penn Street,Harrah,WA,98933
937-794-6277,Justin,Moore,j.s.moore@outlook.com,92430 Elm Avenue,Cocolalla,ID,83813
770-601-5922,Julian,Williams,julianwilliams@gmail.com,4084 8th Street,Snohomish,WA,98290
234-737-5284,Aubrey,Cook,a.a.cook@hotmail.com,885 7th Street East,Greenwich,OH,44837
609-410-9467,Mark,Griffin,markdavidgriffin@aol.com,82 Water Street,Elk City,OK,73648
904-203-3529,Joshua,Nelson,joshua.nelson@outlook.com,631 Route 29,Saint Paul,MN,55128
718-116-4959,Joshua,Russell,joshuajrussell@hotmail.com,845 Route 29,McCall,ID,83638
562-380-8335,Alyssa,Sanders,a.sanders@aol.com,94 Belmont Avenue,South Schodack,NY,12162
276-023-4138,Kimberly,Russell,krussell@rocketmail.com,74 Willow Street,Salisbury,NC,28147
580-056-9206,Jonathan,Moore,jmoore@rocketmail.com,3 Poplar Street,Vienna,IL,62995
458-352-3924,James,Baker,j.m@aol.com,22782 Broad Street,Pittsburgh,PA,15270
551-466-9325,Danielle,Wilson,danielle@aol.com,707 Washington Avenue,De Berry,TX,75639
609-396-0339,Stephanie,Jenkins,stephaniejenkins@rocketmail.com,329 Delaware Avenue,Quincy,IL,62301
210-110-3031,Grace,Gonzales,gracedgonzales@rocketmail.com,46 Colonial Drive,Sebastopol,CA,95473
957-874-9541,Erin,Simmons,erin.simmons@rocketmail.com,40725 6th Street North,Mauckport,IN,47142
628-271-6208,Tiffany,Anderson,tiffany@yahoo.com,628 Cedar Lane,Chefornak,AK,99561
689-933-6236,Danielle,Rodriguez,daniellereneerodriguez83@live.com,212 7th Avenue,Rockford,TN,37853
231-692-7304,Melissa,Bailey,melissabailey62@hotmail.com,792 Brookside Drive,Oviedo,FL,32766
440-813-0864,Alexandra,Morgan,alexandramaemorgan@gmail.com,61476 Penn Street,Berlin,MA,01503
970-514-6571,Sara,Garcia,segarcia79@yahoo.com,5460 Cambridge Drive,Pinehurst,MA,01866
231-892-6181,John,Robinson,j.robinson29@live.com,5904 Mill Street,Duluth,MN,55802
505-810-2413,Claire,Patterson,cpatterson79@ymail.com,400 Linden Street,Donovan,IL,60931
272-145-0890,Julian,Ross,j.t.ross@outlook.com,730 Front Street North,Wilmington,DE,19808
941-084-5476,Joshua,Bryant,j_a@rocketmail.com,284 7th Avenue,Charleston,WV,25330
214-109-2466,Sofia,Ross,s_l_ross@ymail.com,70088 Williams Street,Hollywood,FL,33026
919-874-3196,Claire,Thompson,claire_k_thompson@outlook.com,51 Monroe Street,Plainville,MA,02762
214-398-4501,Grace,Richardson,grace@hotmail.com,57 5th Street,Cohasset,MN,55721
508-518-3218,Alexander,Edwards,alexanderedwards@ymail.com,5333 State Street,Bim,WV,25021
224-082-8815,James,Reed,james.george.reed@live.com,82917 Sherwood Drive,Pico Rivera,CA,90661
361-256-5953,Thomas,Kelly,tkelly@hotmail.com,27163 State Street,Saint Paul,IN,47272
903-775-7013,Justin,Allen,justin.allen@gmail.com,97619 2nd Street,Young America,MN,55552
209-959-0526,Jasmine,Cooper,jasminecooper@rocketmail.com,55 Penn Street,Egypt,TX,77436
936-779-9352,Anthony,Rodriguez,ar@hotmail.com,943 Route 6,Memphis,TX,79245
234-811-4825,Austin,Kelly,austin_kelly@hotmail.com,184 Creek Road,Colorado Springs,CO,80926
872-574-2735,Theodore,Davis,theodoreanthonydavis@hotmail.com,2506 Pennsylvania Avenue,Garden Grove,CA,92846
651-745-8408,Andrew,Allen,awallen@outlook.com,541 Main Street East,Weatogue,CT,06089
575-086-9364,Samantha,Roberts,s_g_roberts@gmail.com,5403 Madison Avenue,Pine Apple,AL,36768
310-563-0741,Julian,Rogers,j_rogers4@ymail.com,87 Park Place,Dowagiac,MI,49047
937-172-7709,Jasmine,Perez,j.perez47@outlook.com,218 Water Street,Montgomery,AL,36118
847-102-3707,Patrick,Wright,patrick@yahoo.com,646 Hillcrest Drive,Craddockville,VA,23341
641-393-5474,Danielle,Collins,drcollins91@aol.com,684 South Street,Pontiac,MI,48342
228-246-4836,Audrey,Rivera,arivera@outlook.com,57 1st Street,Reeseville,WI,53579
307-395-7495,Nicole,Morris,nicole_j_morris@yahoo.com,630 Sunset Drive,Bridgeport,CT,06601
724-220-1607,Maria,Garcia,maria_garcia@aol.com,57 Route 29,Coosa,GA,30129
567-836-7205,Nicole,Foster,n_foster@rocketmail.com,38979 Harrison Street,Hopewell,PA,16650
636-136-4620,Michelle,Harris,m.l.harris@yahoo.com,52 Cherry Street,Alhambra,IL,62001
419-889-5179,Amelia,Hughes,a_hughes@gmail.com,8966 Poplar Street,Waukee,IA,50263
814-760-3229,David,Barnes,dbarnes@hotmail.com,13160 Cedar Lane,Santa Rosa,NM,88435
802-635-2674,Patrick,Martinez,pdmartinez@ymail.com,4902 Charles Street,Chicago,IL,60634
732-080-0674,John,Anderson,j.anderson@live.com,94588 Hillcrest Drive,Palisades,NY,10964
480-367-4869,Haley,Murphy,h.murphy85@aol.com,55 5th Street,Monroe City,IN,47557
915-344-0629,Maria,Young,m.young47@live.com,4478 Linden Street,Carlisle,AR,72024
407-707-0344,Tiffany,Sanders,t.m.sanders@outlook.com,681 Belmont Avenue,Lake Como,FL,32157
858-572-0704,Jennifer,Bennett,jbennett@hotmail.com,52 Route 30,Pasadena,TX,77501
716-831-9873,Eleanor,Sanchez,e.m.sanchez57@live.com,48 5th Avenue,Lewiston,NE,68380
316-007-1970,Stephanie,Scott,s_scott50@gmail.com,66 Buckingham Drive,Sylvan Grove,KS,67481
220-381-5224,Mary,Alexander,mary_alexander@aol.com,54467 Bridge Street,Whitewater,MT,59544
562-833-2083,Jose,Long,j_r_long@hotmail.com,30 Washington Street,Keaton,KY,41226
681-520-2713,Theodore,Thomas,theodoregeorgethomas@gmail.com,873 9th Street,Deep River,IA,52222
424-173-5063,Julian,Cooper,juliancooper@aol.com,79 Oak Lane,Colorado Springs,CO,80928
979-315-6806,Katherine,Parker,katherine.parker@ymail.com,999 Park Drive,North Bend,OH,45000
816-973-5435,Theodore,Smith,theodore.r.smith@rocketmail.com,37 Surrey Lane,Le Mars,IA,51031
708-561-0769,Alexis,Cooper,alexis.michelle.cooper@outlook.com,4931 Cedar Lane,Buena Vista,CO,81211
951-238-2477,Julian,Parker,j.parker59@gmail.com,401 Wood Street,Brimfield,IN,46720
740-821-8250,Ryan,Harris,r.harris@hotmail.com,26977 East Street,Fort Worth,TX,76135
913-269-0103,Alyssa,Moore,a_moore92@hotmail.com,1214 Poplar Street,Sandyville,WV,25275
802-200-9107,Anthony,Smith,a.smith@ymail.com,3223 Willow Street,Inglis,FL,34449
806-353-5010,Grace,Smith,grace.louise.smith@aol.com,8 2nd Street West,Eugene,OR,97404
304-439-7853,Jessica,Phillips,jmphillips@aol.com,1012 Pine Street,Sioux Falls,SD,57103
605-414-0001,Lillian,Ramirez,l.ramirez32@outlook.com,50087 Oak Lane,Loveville,MD,20656
225-210-1630,Richard,Davis,richardalandavis@gmail.com,46 Circle Drive,Pemberton,OH,45353
606-734-4724,Abigail,Wright,abigail@ymail.com,851 Market Street,Little Rock,AR,72212
424-651-4570,Nicole,Simmons,n.m@hotmail.com,733 Surrey Lane,Ashland,MS,38603
575-041-2224,Lauren,Perry,l.r.perry@live.com,34 4th Street North,Novelty,MO,63460
206-846-5539,Anthony,White,a_w_white@rocketmail.com,37427 Park Avenue,Liebenthal,KS,67553
920-720-4144,Sophia,Adams,s.adams@gmail.com,5 Franklin Avenue,Nilwood,IL,62672
209-990-4991,Sarah,Henderson,smhenderson65@ymail.com,75 Church Street,Captain Cook,HI,96704
949-386-7583,Maria,Nelson,maria.grace.nelson@yahoo.com,216 Church Street,Clark,CO,80428
228-507-1330,Austin,Howard,ahoward@gmail.com,49 Church Street,Stilwell,OK,74960
321-300-9483,Sara,Foster,s.d.foster@live.com,229 Church Street,Fort Lupton,CO,80621
214-410-0958,Stephen,Edwards,s_f_edwards4@aol.com,567 Charles Street,Fresno,CA,93724
940-588-1210,Christina,Brooks,c.brooks@ymail.com,141 Adams Street,Valley Stream,NY,11580
609-324-4014,Gabriel,Kelly,gabriel_kelly@yahoo.com,58532 Oak Street,Point Lay,AK,99759
602-402-4960,Henry,Reed,henryreed32@aol.com,734 Sherwood Drive,Honolulu,HI,96826
773-772-4714,Ethan,Evans,eevans@rocketmail.com,7251 Division Street,Elka Park,NY,12427
276-439-1517,Rachel,Lee,r.lee@hotmail.com,1435 Lakeview Drive,Louisville,KY,40289
539-805-6435,Jose,Garcia,josegarcia@gmail.com,5810 Division Street,Rosamond,CA,93564
402-804-8150,Alexis,Wilson,alexis_kay_wilson@hotmail.com,91 Magnolia Drive,Schuyler Falls,NY,12985
406-533-2335,Anna,King,annaking@hotmail.com,49982 Franklin Street,Argyle,MI,48410
909-919-1221,Aubrey,Campbell,aubrey_campbell@live.com,69785 Franklin Avenue,Charlotte,NC,28288
743-015-8785,Emily,Bell,emily.renee.bell@hotmail.com,310 Liberty Street,Hammondsport,NY,14840
959-015-5445,Charles,Rivera,charleswilliamrivera@aol.com,36904 5th Street West,Sylvester,WV,25193
620-462-9967,Steven,Thomas,s.j@live.com,5939 Beech Street,Pickens,SC,29671
781-710-6432,Kelsey,Rodriguez,kelsey.rodriguez@aol.com,8711 7th Avenue,Grand Rapids,MI,49505
980-535-9602,Taylor,Coleman,taylor@rocketmail.com,31 Buckingham Drive,Richmond,VA,23288
617-498-2357,Isabella,Adams,isabella_sue@gmail.com,775 6th Street,Imlaystown,NJ,08526
618-431-9299,Charlotte,Griffin,clgriffin@live.com,92 Spring Street,Dwight,IL,60420
323-929-6503,Amber,Davis,adavis15@ymail.com,540 Heather Lane,Kettle Falls,WA,99141
847-573-2985,Adam,Reed,adamreed@gmail.com,399 Colonial Drive,Evansville,IN,47731
312-313-5603,Heather,Flores,heather.renee.flores@hotmail.com,5604 Maple Avenue,Maple Shade,NJ,08052
765-909-3695,Brian,Alexander,balexander14@live.com,569 Park Street,Stephens,AR,71764
253-154-4425,Anthony,Russell,arussell@ymail.com,52 Sunset Drive,Georgetown,MA,01833
863-195-2306,Thomas,Reed,thomas_a_reed@outlook.com,4551 Creek Road,Hillsboro,WV,24946
252-146-4728,Matthew,Lewis,matthew_l_lewis@outlook.com,66554 Riverside Drive,Richford,VT,05476
715-774-8197,Zachary,Hernandez,zachary.michael.hernandez15@yahoo.com,15141 7th Street East,Cutler,IN,46920
914-260-6602,Mary,Collins,mcollins@aol.com,1439 2nd Street West,Philadelphia,PA,19136
743-534-3202,Anna,Morris,a_i_morris@ymail.com,9168 Broadway,Fairfield,TX,75840
339-365-8369,Lillian,Watson,l_watson11@hotmail.com,3260 Clinton Street,Waverly,KS,66871
480-233-6788,Isabella,Martinez,i.martinez@outlook.com,434 8th Street,Abbeville,AL,36310
423-372-2493,Samantha,Peterson,s.m.peterson@gmail.com,942 Front Street North,Kendalia,TX,78027
651-659-3557,Megan,Jenkins,meganjenkins@hotmail.com,33446 College Avenue,Greenville,IL,62246
612-929-3740,Emily,Barnes,emily_barnes@aol.com,421 Market Street,Hooven,OH,45033
704-680-3316,Alexis,Bennett,alexis.rose.bennett60@hotmail.com,28 12th Street,Gardena,CA,90248
651-810-2869,Anthony,Griffin,a.j@yahoo.com,1822 5th Avenue,Rosebud,MO,63091
201-881-9460,Evelyn,Wood,evelyn.renee.wood@live.com,33674 Essex Court,Machipongo,VA,23405
586-076-1421,Brittany,Morgan,b_m_morgan10@rocketmail.com,3 Buckingham Drive,Los Angeles,CA,90004
765-041-7559,Joshua,Diaz,joshua90@gmail.com,48480 Division Street,Rancho Cordova,CA,95741
386-146-9573,Hannah,Ross,h.r.ross@gmail.com,1606 Jefferson Street,Scottsdale,AZ,85252
620-925-3092,Brandon,Cox,b_w_cox44@outlook.com,1098 Holly Drive,Orlando,FL,32805
325-186-8643,Jack,Scott,j_scott@rocketmail.com,5417 Park Place,Pasadena,CA,91103
573-201-0321,Adam,Ramirez,agramirez@gmail.com,189 Durham Road,Glenallen,MO,63751
980-512-0901,Owen,Foster,o_h_foster@yahoo.com,45 Primrose Lane,Farrell,PA,16121
859-568-6797,Ashley,Lopez,ashley_lopez@ymail.com,381 3rd Street West,Baker,LA,70704
989-778-8809,Olivia,Watson,o_n_watson@aol.com,9 3rd Avenue,Janesville,IL,62435
580-134-5464,Katherine,Brooks,k_brooks@yahoo.com,460 Park Place,Walthall,MS,39771
201-263-9569,Kelsey,Thomas,kthomas@hotmail.com,345 Monroe Street,Noorvik,AK,99763
727-141-9054,Evelyn,Bell,e_j_bell@aol.com,5282 Cambridge Drive,Center Conway,NH,03813
386-235-8764,Charles,Barnes,charles_barnes@aol.com,61 King Street,Biddeford,ME,04007
947-739-6330,Claire,Miller,claire_a_miller@hotmail.com,27088 Route 29,Clinton,MS,39058
786-185-3227,Elizabeth,Patterson,e_patterson@aol.com,1877 Chestnut Street,Toledo,OH,43605
860-492-3342,Aiden,Griffin,aidengriffin@yahoo.com,83819 Park Place,Shreveport,LA,71119
302-685-8972,Elizabeth,Bennett,embennett@aol.com,9719 Fairway Drive,Southgate,MI,48195
907-672-9032,Henry,Thompson,h.thompson@outlook.com,71936 Meadow Lane,Naperville,IL,60567
817-075-7976,Michelle,Henderson,m.m@rocketmail.com,30 Willow Street,Ulm,AR,72170
502-448-7167,Natalie,Martin,n_r_martin@ymail.com,20 5th Street West,Dukedom,TN,38226
501-395-7680,Heather,Patterson,h.patterson@outlook.com,64 Pennsylvania Avenue,El Paso,TX,88570
417-757-2867,Jennifer,Jackson,j.a.jackson@yahoo.com,2575 Court Street,Fernwood,ID,83830
432-259-0114,Abigail,Williams,a_r@aol.com,99 Berkshire Drive,Spiceland,IN,47385
380-753-5874,Victoria,Thompson,v_thompson@hotmail.com,68 6th Avenue,Beloit,WI,53512
940-189-6363,Sebastian,Allen,sebastian.allen@yahoo.com,473 Circle Drive,Hayward,CA,94540
914-577-8927,Ava,Taylor,a_taylor@yahoo.com,90 Jefferson Street,Cordele,GA,31010
414-854-5279,Kyle,Davis,kwdavis@rocketmail.com,76 Meadow Lane,Yacolt,WA,98675
808-457-8791,Kevin,Young,k.t@gmail.com,3023 5th Street North,Indianapolis,IN,46278
908-985-8956,Olivia,Powell,olivia_powell@ymail.com,710 Harrison Street,Spokane,WA,99219
570-083-3887,Mark,Lewis,marklewis95@hotmail.com,237 Hickory Lane,Burkeville,VA,23922
913-000-5169,Danielle,Williams,dlwilliams@gmail.com,97577 Hillside Drive,Naperville,IL,60540
430-757-5745,Nathan,Wilson,n_wilson@hotmail.com,8109 Route 1,Sterling,IL,61081
720-992-1102,Samuel,Coleman,samuel_j_coleman23@outlook.com,58 Walnut Avenue,Jonesboro,GA,30236
412-230-0435,Sophia,Cox,sophia.cox@aol.com,46 Oak Lane,Fairfax,OK,74637
813-414-4083,Lillian,Martin,lmartin@yahoo.com,43 State Street,Buffalo,NY,14209
515-321-5973,Stephen,Green,stephengreen@hotmail.com,49 George Street,Trenton,NJ,08646
336-617-5709,Laura,Evans,l.r.evans@outlook.com,201 Mill Road,Denver,CO,80202
706-594-3724,Nathan,Lopez,nathan.lopez@yahoo.com,10922 4th Street West,Nemo,TX,76070
219-173-8806,Oliver,Watson,o_g_watson75@ymail.com,51 College Avenue,Ewan,NJ,08025
786-715-0853,Joshua,Williams,joshua.john.williams@yahoo.com,63 Valley Road,Denton,TX,76209
936-687-0854,Rebecca,Williams,rwilliams@ymail.com,47665 Hilltop Road,Jacksonville,OR,97530
480-923-0833,Alexis,King,a.king16@aol.com,98613 6th Street,Albany,NY,12204
386-126-7923,Stephen,Bell,stephenebell@hotmail.com,914 Route 1,Pittsboro,IN,46167
563-614-6970,Aubrey,Collins,aubreymariecollins@rocketmail.com,1356 5th Avenue,Dallas,TX,75367
957-020-8810,Thomas,Morgan,t.r@live.com,613 5th Street West,Springfield,MA,01103
208-547-9522,Laura,Martin,lmartin@rocketmail.com,75 Williams Street,South Thomaston,ME,04858
510-464-7581,Jennifer,Torres,jennifer_torres@hotmail.com,80242 Maple Avenue,Garrison,ND,58540
806-214-0592,Owen,Rogers,orogers46@live.com,563 Maple Street,Providence,RI,02903
601-528-2806,Richard,Perry,r_w@hotmail.com,80428 Division Street,Raisin,CA,93652
219-777-8806,Jack,Henderson,j_henderson@yahoo.com,5359 Walnut Avenue,Encino,TX,78353
571-719-1813,Jonathan,Russell,j.russell74@yahoo.com,200 Woodland Drive,Lumberton,TX,77657
234-585-4607,Kimberly,Collins,kcollins@live.com,48 North Street,Conroy,IA,52220
252-795-3843,Joseph,Martin,josephmartin@hotmail.com,76135 Durham Road,Staten Island,NY,10303
704-934-8413,David,Johnson,david_john_johnson@aol.com,16 Walnut Avenue,Alton,UT,84710
901-889-1628,Courtney,Henderson,crhenderson20@aol.com,705 Cherry Street,Detroit,MI,48297
617-667-1947,Stephen,Nelson,stephen52@rocketmail.com,91887 State Street,Hugo,MN,55038
270-957-3260,David,Green,david.green78@hotmail.com,73 Main Street South,Rutledge,TN,37861
430-012-8176,Jasmine,Taylor,jasmine_taylor@hotmail.com,219 Cherry Street,Summerlin South,NV,89136
434-001-9958,Patrick,Henderson,patrickroberthenderson@yahoo.com,906 River Road,Lexington,KY,40589
980-384-8338,Amanda,Ross,a_ross11@ymail.com,19779 Dogwood Lane,Riley,KS,66531
623-452-7625,Lauren,Ward,laurenward11@aol.com,31 Maple Street,Tampa,FL,33606
959-452-3955,Owen,Ross,owen_ross@yahoo.com,589 Elizabeth Street,Athens,GA,30604
339-353-0803,Katherine,Adams,katherine.adams54@gmail.com,769 Church Street,Smyrna,MI,48887
229-070-0866,Lillian,Wright,lm@rocketmail.com,4115 Spring Street,Loganville,WI,53943
442-852-8240,Amanda,Hughes,a.a.hughes@live.com,6 5th Street West,Willow Springs,MO,65793
843-547-3879,Layla,Allen,layla_k_allen@live.com,11 Fairway Drive,Pascagoula,MS,39581
737-557-8011,Lauren,Washington,l_m_washington@gmail.com,696 Woodland Drive,Buffalo,NY,14201
319-037-7368,Julian,Powell,julian_thomas_powell@aol.com,890 Essex Court,Tiverton,RI,02878
816-455-9191,Christina,Washington,christina_washington@gmail.com,36189 River Street,Range,AL,36473
989-959-4636,Hannah,Howard,hhoward@gmail.com,63 Elm Avenue,Holliday,TX,76366
252-438-1000,Amber,Henderson,akhenderson23@yahoo.com,691 Essex Court,Inverness,FL,34452
641-561-4634,James,Cook,james.cook@hotmail.com,23436 West Street,Frontier,MI,49239
212-048-8832,Abigail,Johnson,ajohnson@ymail.com,47 Clinton Street,Bristol,TN,37621
347-328-0913,Sofia,Rivera,sofia@hotmail.com,22 Mill Street,Saint Augustine,IL,61474
804-195-6017,Kelsey,Rivera,kelsey@hotmail.com,19 Beech Street,Shasta Lake,CA,96019
719-509-3990,Sebastian,Davis,sdavis@rocketmail.com,2141 Berkshire Drive,Leon,IA,50144
661-781-0146,Dylan,Gonzales,d_gonzales@yahoo.com,40333 Bridge Street,Earlysville,VA,22936
918-376-0151,Charles,Hughes,chughes@hotmail.com,1 School Street,Covina,CA,91723
502-489-5621,Ethan,Reed,ethan.j.reed@live.com,79 Route 1,Lyon Mountain,NY,12955
586-946-1014,Grace,Butler,gracebutler@gmail.com,3912 Wood Street,Pfafftown,NC,27040
360-906-6890,Robert,Kelly,robertrkelly@outlook.com,60700 1st Street,Canada,KY,41519
616-683-3375,Katherine,Perez,katherinesperez@live.com,1485 Magnolia Drive,Earl,NC,28038
231-134-2462,Megan,Phillips,m_phillips@outlook.com,84 Main Street North,Walthill,NE,68067
740-966-2255,Sean,Evans,s_m_evans@rocketmail.com,68 Harrison Street,Salt Lake City,UT,84127
989-660-4724,Katherine,Martin,k_f_martin@yahoo.com,36723 River Street,Capitol Heights,MD,20743
515-012-9243,Patrick,Hill,p_a_hill@yahoo.com,47 Grove Street,Dietrich,ID,83324
954-081-1592,Sophia,Howard,s_l_howard@gmail.com,36800 Prospect Street,Morrisonville,NY,12962
253-182-5680,Sofia,Turner,s.turner@ymail.com,32772 Colonial Drive,Layton,UT,84040
408-933-2132,Emily,Peterson,ejpeterson@live.com,51672 Buckingham Drive,Freedom,NH,03836
724-128-5972,Steven,Foster,sfoster@live.com,8646 Ridge Avenue,Lansdowne,PA,19050
732-349-9856,Kevin,Barnes,kevin.a.barnes55@ymail.com,46 Lincoln Avenue,Pasadena,CA,91131
313-425-6526,Jasmine,Ramirez,jasmines@yahoo.com,13 West Street,Montgomery City,MO,63361
719-272-4729,Brandon,Gonzales,b_a@aol.com,686 Cambridge Court,San Gabriel,CA,91776
562-352-0162,Nathan,Peterson,n_peterson@aol.com,89 Maple Avenue,Oldfort,TN,37362
850-060-5832,Joshua,Ross,j_e_ross@gmail.com,52299 College Street,Livingston,TX,77351
856-305-9446,Joshua,Robinson,jrobinson@ymail.com,42327 Broad Street,Wells Bridge,NY,13859
626-353-2661,Brianna,Sanders,brianna.sanders66@aol.com,43 Magnolia Drive,Curtice,OH,43412
260-069-0021,Lauren,Powell,lpowell@live.com,7113 Market Street,Leopold,IN,47551
629-704-0799,Maria,Lopez,m_lopez@hotmail.com,3527 Belmont Avenue,Orange,CA,92868
872-237-0272,Katherine,Bell,katherinebell@aol.com,68145 Madison Avenue,Sulphur,OK,73086
260-414-9439,Anna,Robinson,anna.l.robinson@aol.com,62329 5th Street,Custer City,PA,16725
630-508-4972,Owen,Alexander,o_alexander@live.com,3085 River Road,Lolo,MT,59847
223-753-9796,Michael,Walker,michaelwalker@rocketmail.com,863 Center Street,Alma,MI,48802
419-090-3026,Stephanie,Howard,s_howard33@live.com,52903 Monroe Street,Kansas City,MO,64106
574-490-9985,Nicholas,Foster,n_m@aol.com,401 Primrose Lane,Meridianville,AL,35759
906-442-7113,Brian,Murphy,bmurphy84@outlook.com,783 6th Avenue,Dayton,OH,45428
773-859-2994,Kaitlyn,Perry,k_perry@live.com,3013 Harrison Street,Eddyville,KY,42038
754-268-3206,Alexandra,Russell,alexandra.s@live.com,412 Hillside Avenue,Chalmers,IN,47929
515-322-5574,Richard,Clark,r.f.clark@outlook.com,488 6th Street West,Catawba,OH,45010
706-689-3893,Theodore,Patterson,t.s68@hotmail.com,48 Colonial Drive,Snohomish,WA,98290
231-667-5044,Olivia,Moore,olivia_m_moore@yahoo.com,96 Fairview Avenue,Fosters,AL,35463
803-278-4027,Patrick,Brooks,p.d.brooks@yahoo.com,66537 Williams Street,Clifford,PA,18413
208-662-4512,Sebastian,Perez,sebastian_g_perez@outlook.com,360 State Street,Olmitz,KS,67564
608-401-1461,Erin,Kelly,elkelly@outlook.com,334 Cambridge Court,Braymer,MO,64624
443-969-3115,Matthew,Campbell,matthew_campbell@gmail.com,3568 Grove Street,Buckingham,IA,50612
731-074-2682,Stephen,Peterson,speterson@outlook.com,24 Highland Drive,East Carbon,UT,84520
475-649-7519,Joshua,James,joshuaejames5@rocketmail.com,796 Summit Avenue,Hartford,MI,49057
662-984-4016,Amber,Collins,ambermaycollins@ymail.com,949 Poplar Street,Romney,IN,47981
270-342-1457,Laura,Hill,lhill@ymail.com,45694 Pine Street,Sarasota,FL,34233
806-898-2279,Richard,Watson,r_f_watson@live.com,4645 Clark Street,Fontana,CA,92335
223-429-4803,Sara,Wright,sara_l_wright@hotmail.com,432 Willow Street,Terre Haute,IN,47811
915-280-0975,Katherine,Jones,k.jones73@yahoo.com,21112 Hillcrest Drive,Moorland,IA,50566
405-687-0205,James,Ross,j_r_ross@rocketmail.com,6133 Wood Street,Jay,OK,74346
812-499-9561,Heather,Bryant,h.bryant@ymail.com,10 Clark Street,State Line,MS,39362
714-141-7188,Charlotte,Stewart,c.r.stewart@rocketmail.com,758 4th Street West,Graham,MO,64455
507-129-4200,Stephanie,Lewis,stephaniemlewis@live.com,94 4th Street,Tonkawa,OK,74653
669-904-9854,Theodore,Simmons,theodorejosephsimmons@outlook.com,19292 Woodland Avenue,Traphill,NC,28685
307-625-0476,Ryan,Cox,r_m@hotmail.com,82124 Ridge Road,Priddy,TX,76870
440-279-0214,Mark,Bryant,mark_bryant@ymail.com,9601 James Street,Lake,MS,39092
214-151-6512,Theodore,Parker,theodore.r.parker@yahoo.com,73 Cherry Lane,Saint Michaels,MD,21663
912-837-6887,Oliver,Nelson,oliver_francis_nelson@outlook.com,941 Summit Avenue,Birmingham,AL,35260
412-703-6035,Kelsey,Thompson,kthompson@ymail.com,2346 4th Avenue,Hereford,TX,79045
708-921-2957,Samantha,Peterson,samanthapeterson@outlook.com,31348 4th Street West,Prinsburg,MN,56281
667-808-2093,Jennifer,Simmons,jsimmons@yahoo.com,345 Pennsylvania Avenue,Camden,OH,45311
563-033-0430,Kelsey,Cook,kelsey_a@ymail.com,460 5th Avenue,Waynesburg,OH,44688
202-711-9220,Amber,Bryant,ambermbryant@rocketmail.com,13 4th Street North,San Jose,CA,95121
901-156-6116,Robert,Washington,rwashington@outlook.com,53 Virginia Avenue,Bantry,ND,58713
541-173-3215,Amanda,Price,a.n.price71@rocketmail.com,8010 Cambridge Court,Ennis,MT,59795
386-741-3635,Maria,Patterson,m_m@ymail.com,43329 Hilltop Road,New Liberty,IA,52765
412-400-5196,Austin,Powell,austinwpowell14@gmail.com,60006 Oak Lane,Brookfield,WI,53045
206-647-3200,Richard,Allen,richard.allen@hotmail.com,44259 Highland Avenue,Pittsburgh,PA,15262
949-250-4890,Gabriel,Phillips,g.phillips@gmail.com,51 5th Avenue,Fairforest,SC,29336
814-045-0301,Brian,Scott,b_scott@hotmail.com,966 Railroad Avenue,Kenesaw,NE,68956
920-263-2346,Tiffany,Ross,tiffany_s_ross@hotmail.com,808 College Street,Columbia,MO,65217
314-857-7006,Stephanie,Cooper,stephanie_cooper82@aol.com,53 5th Street North,Toledo,OH,43610
620-812-1844,Nicole,Cooper,nicolecooper@hotmail.com,61 7th Street,Sherborn,MA,01770
830-702-4897,Timothy,Brown,timothy_alan_brown@rocketmail.com,834 Elizabeth Street,Lowell,MA,01853
801-755-8515,Victoria,Taylor,victoria_m_taylor@outlook.com,592 Route 29,Saint Louis,MO,63119
952-070-5087,Alexandra,Wilson,a.j.wilson@yahoo.com,4488 6th Avenue,Bone Lake,WI,54337
561-931-1566,Robert,Baker,robertbaker@hotmail.com,82027 7th Street,Pennington,NJ,08534
872-197-1687,William,Rivera,w_j_rivera@ymail.com,31756 Madison Street,Dudley,MA,01571
859-969-1589,Jasmine,Johnson,jasmine.johnson@outlook.com,220 Buckingham Drive,Neodesha,KS,66747
858-188-5182,Alexis,Watson,alexis.irene.watson@yahoo.com,13 6th Street North,Watkins,MN,55389
332-602-5457,Aiden,Morgan,aiden_c_morgan@rocketmail.com,5770 Broad Street,Hawley,MN,56549
743-780-4441,Jasmine,Lopez,jasmine@outlook.com,83 8th Street,Chavies,KY,41727
847-045-4828,Christina,Adams,cmadams@aol.com,69 Prospect Avenue,Lando,SC,29724
417-847-2495,Anthony,Collins,a_collins55@ymail.com,46 Park Drive,Hinckley,UT,84635
331-861-3848,Joshua,Garcia,j_garcia@yahoo.com,932 Sherwood Drive,Hermosa Beach,CA,90254
689-228-0955,Hannah,Simmons,h.j.simmons@outlook.com,73670 Walnut Avenue,Leavenworth,KS,66048
916-450-1523,Anna,Howard,anna_m_howard@outlook.com,556 High Street,Rosenberg,TX,77471
334-683-8929,Joseph,Gonzales,josephs@rocketmail.com,94073 Route 32,Cedaredge,CO,81413
314-407-0456,Robert,King,robertwking@live.com,37 Market Street,Mesa,AZ,85205
309-688-1606,Jessica,Wood,jessica.wood@aol.com,52 South Street,Big Lake,TX,76932
409-798-1134,Alexandra,Hernandez,alexandra_hernandez@hotmail.com,553 2nd Street East,Dana,IN,47847
440-745-1754,William,Edwards,w_a_edwards38@ymail.com,69060 Poplar Street,Washington,DC,20527
409-887-7406,Layla,Mitchell,layla.k.mitchell@gmail.com,50409 Colonial Drive,Garland,TX,75047
857-258-9989,Stephanie,Cooper,s_cooper@rocketmail.com,68 Valley Road,Hyannis,NE,69350
425-091-9856,Kyle,Cox,kyle.cox13@gmail.com,681 Laurel Lane,Still Pond,MD,21667
480-941-2513,Alexandra,Hughes,ahughes@aol.com,96 Cambridge Court,Rawlins,WY,82301
307-084-3832,Joseph,Hernandez,jhernandez@ymail.com,91 Woodland Avenue,Rio Hondo,TX,78583
575-755-0498,Justin,Robinson,j_robinson@live.com,624 Circle Drive,Bryant,WI,54418
857-993-8930,Sofia,Mitchell,sofia_a_mitchell@yahoo.com,6318 Summit Avenue,Barlow,KY,42024
757-920-4745,Isaac,Powell,i_powell@yahoo.com,979 Main Street North,California,MO,65018
617-695-9004,Aubrey,Peterson,a_peterson@hotmail.com,96 Walnut Avenue,Bartlett,OH,45713
385-210-9448,Natalie,Foster,n_e_foster@outlook.com,4422 Bridge Street,Burlington,VT,05402
985-171-7227,Kyle,Brown,kyle.r@gmail.com,57 Monroe Street,Blue Ridge,GA,30513
432-399-6918,Heather,Gray,heather_gray@rocketmail.com,97 3rd Street,San Francisco,CA,94146
979-163-8059,Owen,Alexander,o.alexander@gmail.com,8628 12th Street,Odessa,WA,99159
225-839-2358,Haley,Adams,hadams34@live.com,92 Grove Street,High Point,MO,65042
701-642-3765,Alexander,Ross,a_l_ross@hotmail.com,812 7th Street East,Harlowton,MT,59036
762-772-6865,Amelia,Evans,amelia.renee4@live.com,3383 North Street,Ward,SC,29166
567-291-1807,Benjamin,Robinson,b.robinson@hotmail.com,7306 Magnolia Drive,McKees Rocks,PA,15136
916-643-8870,Sean,Roberts,seanroberts@live.com,27 Division Street,Sulphur,KY,40070
405-221-5797,Amelia,Rogers,amelia.rogers@aol.com,207 Lincoln Avenue,McKenzie,AL,36456
743-778-9339,Elizabeth,Price,elizabeth.ann51@rocketmail.com,99 Colonial Drive,Hazen,ND,58545
505-655-8107,Anna,Davis,a_davis@hotmail.com,249 Mulberry Street,Alma,AL,36501
278-354-9636,Nicole,Kelly,n.r.kelly30@ymail.com,99 High Street,Haddam,CT,06438
906-942-6624,Julian,Smith,julian.charles.smith@ymail.com,4 Park Drive,Yankton,SD,57078
478-391-0356,Olivia,Parker,o_parker@ymail.com,871 Mulberry Street,Luthersburg,PA,15848
971-179-3122,Amber,Richardson,amber.richardson@gmail.com,37 Lake Street,West Blocton,AL,35184
619-306-7101,Brianna,Gonzales,b.m.gonzales@aol.com,52923 Route 29,Philadelphia,PA,19175
218-505-6128,Kaitlyn,Stewart,kaitlyn.m.stewart@live.com,26371 Prospect Street,Blossom,TX,75416
424-495-3105,Alyssa,Scott,a_scott28@outlook.com,9920 8th Street,Colorado Springs,CO,80935
256-096-6477,Charlotte,Murphy,c.murphy@yahoo.com,13438 Oak Lane,Irving,NY,14081
207-591-5987,Lillian,Carter,lillian.carter@hotmail.com,45363 5th Street West,Oberlin,LA,70655
540-551-1338,Aiden,Jenkins,ajenkins@yahoo.com,77 New Street,Arbuckle,CA,95912
305-688-5062,Steven,Coleman,s_coleman@outlook.com,621 Dogwood Lane,Alexandria,LA,71315
818-300-8635,Sara,Rivera,sara.grace@rocketmail.com,776 Laurel Street,Bridgewater,IA,50837
717-036-1740,John,Peterson,johnray53@yahoo.com,656 Pleasant Street,Chandler,AZ,85224
414-061-7362,Jason,Richardson,j_w_richardson@aol.com,2409 Washington Street,Rutherford,CA,94573
440-468-4677,Sarah,Ramirez,sarah.i.ramirez@yahoo.com,95667 Center Street,Bowie,MD,20719
602-090-1095,Melissa,Simmons,melissasimmons@yahoo.com,89544 Court Street,Climax,NC,27233
203-131-2310,Jeremy,Hayes,jhayes76@hotmail.com,99993 Hillside Avenue,De Beque,CO,81630
423-028-4546,Rebecca,Price,rebecca.price73@live.com,137 Adams Street,Asher,KY,40803
337-374-4595,Haley,Foster,h_foster@gmail.com,3105 Liberty Street,Enterprise,MS,39330
813-157-2769,Richard,Wood,r_wood@rocketmail.com,623 Sunset Drive,Fresno,CA,93764
541-295-9759,Emily,Turner,e_r_turner@hotmail.com,16 Mill Street,Pine Beach,NJ,08741
717-368-4483,Nicole,Hayes,nicole@outlook.com,46864 Washington Street,Kansas City,MO,64139
305-572-2834,Robert,Butler,robert_eugene_butler@live.com,1236 Water Street,Ancramdale,NY,12503
321-693-5560,Alexis,Howard,alexis_renee_howard@outlook.com,437 Charles Street,Wofford Heights,CA,93285
703-601-9968,Kayla,Coleman,kaylam@ymail.com,37529 4th Avenue,Duckwater,NV,89314
443-267-8900,Tyler,Rivera,t_rivera@yahoo.com,54476 Washington Avenue,Bowden,WV,26254
386-750-7260,Aubrey,James,aubrey.james@gmail.com,11748 Willow Street,Clarkston,UT,84305
619-176-8584,Daniel,Diaz,ddiaz@hotmail.com,113 Lincoln Street,Deersville,OH,44693
256-890-8873,Layla,Carter,layla.carter@hotmail.com,85368 Williams Street,Du Bois,NE,68345
501-903-3137,Ethan,Kelly,ethanmkelly@rocketmail.com,2598 3rd Street,Staten Island,NY,10304
602-186-5827,Megan,Watson,m.watson@aol.com,6916 Ridge Avenue,Palm Desert,CA,92260
813-444-9078,David,Washington,davidwashington57@rocketmail.com,779 Delaware Avenue,Reed,KY,42451
925-852-5387,Sarah,Richardson,s_l_richardson@ymail.com,78311 College Avenue,Caguas,PR,00725
734-329-6895,Patrick,Brown,patrick.brown@live.com,8689 Jefferson Avenue,Conesville,IA,52739
331-476-6336,John,Nelson,john.nelson@aol.com,39 Park Street,Lincolnville,KS,66858
743-280-3233,Jennifer,Perez,jperez@gmail.com,50374 Union Street,Cincinnati,OH,45206
856-060-3572,Victoria,Bell,vbell@aol.com,2606 5th Street,Basehor,KS,66007
984-849-6222,Maria,Rodriguez,m.n.rodriguez@hotmail.com,29 Clark Street,Alta Loma,CA,91737
949-154-2897,Rebecca,Cox,rebecca.renee.cox@gmail.com,56690 Mill Street,Iowa City,IA,52240
828-242-7199,Ethan,Nelson,e_m_nelson20@rocketmail.com,48814 Hill Street,Houston,TX,77059
260-682-2414,Kayla,Cooper,kayla.cooper@aol.com,2178 Adams Street,Fort Lauderdale,FL,33306
424-884-2083,Charles,Wilson,charles.c@ymail.com,3734 Franklin Avenue,Leckie,WV,24856
720-155-9708,Timothy,Roberts,t.a@rocketmail.com,50 Park Street,Fairfield,CT,06430
580-102-5514,Christopher,Jenkins,c.jenkins@gmail.com,7125 Main Street,Ira,IA,50127
661-204-8229,Chelsea,Peterson,chelseajpeterson@yahoo.com,21 Mill Road,Harrison,MT,59735
562-917-0972,Joshua,Washington,joshuawashington@outlook.com,859 Hilltop Road,Townville,SC,29689
530-469-5997,Ryan,Watson,ryan.watson27@yahoo.com,14 Pearl Street,Bloomville,NY,13739
228-947-4221,Jessica,Cox,jessicacox@hotmail.com,46 Holly Drive,Atlanta,GA,30366
917-323-1235,Kevin,Miller,k_l_miller@hotmail.com,3902 Prospect Avenue,Dexter,GA,31019
508-198-9136,Samantha,Taylor,s.taylor83@yahoo.com,625 King Street,Howell,AR,72071
754-115-0094,Taylor,Long,t_long@gmail.com,52824 Ridge Road,Lexington,KY,40524
612-647-0996,Charles,Diaz,charlesdiaz@aol.com,944 Riverside Drive,Hephzibah,GA,30815
352-097-3696,Abigail,Coleman,abigailcoleman@hotmail.com,666 Cambridge Drive,Admire,KS,66830
203-581-0541,Brittany,Edwards,brittany_m_edwards71@live.com,10 Creek Road,Talbert,KY,41377
201-258-7910,Robert,Perry,robertmatthewperry@aol.com,53 Lakeview Drive,Seneca,SC,29672
408-106-8732,Gabriel,Wright,gabriel.a.wright@gmail.com,66 Spring Street,Arcadia,CA,91007
906-640-8932,Theodore,Lewis,theodore_lewis57@ymail.com,6895 Hillside Drive,Santa Clara,CA,95051
539-512-4651,Stephen,Anderson,stephen.w@yahoo.com,594 Main Street,Emigrant Gap,CA,95715
814-512-0552,Julian,Gray,julian.gray@ymail.com,9458 8th Street,Jetson,KY,42252
935-914-1589,Natalie,Perez,ngperez88@rocketmail.com,21744 North Street,Bueche,LA,70720
717-111-1584,Taylor,Hayes,tlhayes@gmail.com,821 Clinton Street,Colorado Springs,CO,80906
763-935-7838,Benjamin,Campbell,benjamin.campbell@outlook.com,606 Heather Lane,Amherst,MA,01002
502-894-6903,Brandon,Wood,bwood@ymail.com,526 Harrison Street,Bristolville,OH,44402
920-562-7006,Samuel,Cooper,s_m_cooper@outlook.com,53 Summit Street,Woodville,VA,22749
740-689-3624,Charlotte,Phillips,charlotterphillips50@ymail.com,7946 Church Street,Pittsburgh,PA,15275
717-479-8352,Ethan,Kelly,e_m_kelly@hotmail.com,7505 Route 29,Las Vegas,NV,89123
760-723-6407,James,Long,j_a@yahoo.com,90 Poplar Street,Trempealeau,WI,54661
405-003-2391,Kayla,Rivera,k.m.rivera60@hotmail.com,71 Hamilton Street,West Portsmouth,OH,45663
716-200-0950,Chelsea,Thompson,cathompson@hotmail.com,41 Washington Street,Modena,NY,12548
669-884-1994,Lillian,Scott,l_scott@live.com,77452 Prospect Street,Belcourt,ND,58316
312-155-2861,Evelyn,Foster,evelyn.r.foster@aol.com,686 Elm Street,Meadow Valley,CA,95956
480-279-4969,Ashley,Cook,ashley31@hotmail.com,56386 Pine Street,Port Clyde,ME,04855
262-459-9451,Andrew,Griffin,andrewgriffin3@aol.com,2343 Prospect Avenue,Topton,NC,28781
351-847-2344,Sophia,Young,s.young@gmail.com,2481 2nd Street West,Red Lodge,MT,59068
906-978-2336,Joshua,Bailey,j_h_bailey@outlook.com,287 Summit Avenue,Dallas,TX,75398
206-930-5224,Jose,Jackson,jjjackson50@outlook.com,81815 7th Street,Bell Gardens,CA,90202
631-593-5068,Kayla,Coleman,k_coleman17@rocketmail.com,64271 4th Street West,Wacissa,FL,32361
470-793-2517,Anna,Simmons,anna@aol.com,43621 Hamilton Street,Coventry,RI,02816
215-953-6204,Joseph,Sanders,joseph_charles_sanders@outlook.com,7476 Woodland Drive,Ledyard,CT,06339
312-025-0605,Eleanor,Jenkins,eleanor.m.jenkins@yahoo.com,43567 Woodland Avenue,Tokeland,WA,98590
617-862-4045,Ryan,Butler,rbutler@outlook.com,3060 Pine Street,Plympton,MA,02367
346-320-6784,Isaac,Edwards,isaac_edwards@aol.com,38392 Cedar Street,Haslett,MI,48840
678-036-1882,Danielle,Lee,danielle_lee@rocketmail.com,58 Cambridge Drive,Fishers Hill,VA,22626
660-018-6435,Brianna,Collins,b_r_collins@live.com,557 South Street,Des Moines,IA,50314
484-396-2436,Amelia,Cox,ameliacox68@outlook.com,718 Colonial Drive,Grove City,MN,56243
614-417-4772,Layla,Reed,ln@gmail.com,5689 Walnut Avenue,Pierre Part,LA,70339
320-898-7905,Charles,Young,charles.young@rocketmail.com,17401 11th Street,Lincoln,NE,68572
863-530-7982,Christina,Kelly,christina_michelle_kelly@rocketmail.com,4846 7th Street East,Biscoe,AR,72017
337-736-2670,Samuel,Collins,samuel.collins@hotmail.com,1696 3rd Street West,Gurnee,IL,60031
267-774-9716,William,Martinez,w_a_martinez@hotmail.com,7104 13th Street,Russellville,AR,72801
712-534-7044,Charlotte,Walker,c_walker@rocketmail.com,79925 Fairview Avenue,Pageton,WV,24871
419-394-8579,Courtney,Wright,c.wright@outlook.com,71 Shady Lane,Cazenovia,NY,13035
978-471-8510,Joshua,Gonzales,joshua_gonzales13@rocketmail.com,106 Winding Way,Minoa,NY,13116
859-994-6521,Richard,Gonzales,richardr95@yahoo.com,7053 Main Street,Lakeville,OH,44638
262-917-4839,Tiffany,Cox,tiffany_m_cox64@aol.com,83 Maple Street,Lismore,MN,56155
628-840-2591,Taylor,Hill,taylorhill@live.com,6379 Route 10,Maple Plain,MN,55359
918-377-1838,Kevin,Wright,kevin.wright@yahoo.com,5790 Harrison Street,Dannebrog,NE,68831
217-791-0441,Megan,Kelly,m.kelly@hotmail.com,618 Main Street South,Tishomingo,OK,73460
469-359-8315,Jack,Russell,jack_s_russell4@hotmail.com,71 Jefferson Avenue,Denver,CO,80255
480-365-1395,Matthew,Hayes,m_hayes71@ymail.com,40 Railroad Street,Cecilia,LA,70521
703-741-2711,Matthew,Green,matthewagreen56@aol.com,19258 11th Street,New Rockford,ND,58356
651-513-6375,Jose,Ross,jose.ross@aol.com,8273 Jefferson Avenue,Monsey,NY,10952
215-683-2613,Ethan,Perez,ethan.allen@yahoo.com,304 Maple Street,Crane,OH,45829
781-836-8885,Joseph,Morris,j_a@outlook.com,99045 Buckingham Drive,Seymour,TX,76380
786-027-7938,Kimberly,Brown,kimberly.m.brown@hotmail.com,803 Hillside Avenue,Porterfield,WI,54159
410-351-1320,Nicole,Carter,n.m.carter@ymail.com,58452 Holly Drive,Fort Lauderdale,FL,33312
224-993-3345,Amelia,Jackson,amelia_jackson@gmail.com,6613 Riverside Drive,Inwood,WV,25428
206-265-4644,Justin,Reed,j.reed@hotmail.com,943 6th Street,Perry,NY,14530
703-925-9410,Lauren,Jones,lauren.j.jones@live.com,4943 Walnut Avenue,Redwood City,CA,94063
720-495-9308,Hannah,Simmons,hannah_m_simmons@hotmail.com,494 Sherwood Drive,Orangeville,OH,44453
336-770-5622,Austin,Phillips,aphillips7@ymail.com,4186 George Street,South Bend,IN,46624
763-112-7002,Olivia,Anderson,o.a.anderson@yahoo.com,846 8th Street,New York,NY,10164
484-790-9792,Steven,Lewis,s.j@yahoo.com,74520 Woodland Drive,Jackson,NC,27845
927-349-3740,Anna,Simmons,annasimmons@outlook.com,49 Riverside Drive,Burkeville,TX,75932
927-610-2464,Nathan,Hall,n.hall@outlook.com,3542 Clark Street,Lansdowne,PA,19050
828-481-7252,Brian,Anderson,b.a.anderson@aol.com,8358 Willow Street,Villas,NJ,08251
321-748-0373,Brianna,Ward,b_ward93@rocketmail.com,6816 Hickory Lane,Donovan,IL,60931
816-046-5157,Audrey,Cook,audrey@gmail.com,392 New Street,Audubon,NJ,08106
669-299-9789,Stephen,White,s_white@aol.com,659 6th Avenue,Shelbyville,MO,63469
269-134-8841,Evelyn,Garcia,evelyngarcia@rocketmail.com,59057 4th Street,Vance,MS,38964
773-663-2090,Amber,Hill,amberhill@outlook.com,79 Jefferson Avenue,Chatham,LA,71226
650-926-5617,Andrew,Griffin,a.griffin74@outlook.com,52736 Prospect Avenue,Sun City Center,FL,33573
832-945-7001,Kaitlyn,Rogers,kaitlyn_lynn_rogers@live.com,2325 Walnut Street,Many Farms,AZ,86538
312-036-2300,Elizabeth,Perez,elizabeth@hotmail.com,9879 7th Street East,Fairton,NJ,08320
325-756-2594,Taylor,Flores,taylorflores@outlook.com,3701 2nd Street East,Glendale,CA,91208
470-599-6334,Sebastian,Ross,sebastian_a@aol.com,5172 Riverside Drive,Sacramento,CA,94284
475-798-9326,Jose,Davis,j.davis61@yahoo.com,3005 Highland Drive,Calipatria,CA,92233
947-789-8325,Emily,Martin,e.martin@rocketmail.com,570 Willow Street,Hesperus,CO,81326
510-673-2275,Jasmine,Jones,j.l.jones91@outlook.com,8268 South Street,Fort Myers,FL,33905
773-964-4030,Timothy,Mitchell,timothymitchell@aol.com,87168 Valley Road,Mount Holly,NJ,08060
234-459-7739,Layla,Diaz,ljdiaz@rocketmail.com,830 5th Street North,Belews Creek,NC,27009
915-741-6531,Stephen,James,stephen.james@live.com,83659 Harrison Street,Monterey,IN,46960
551-090-1196,Nathan,Hughes,nathan_hughes@yahoo.com,29758 Lincoln Street,Bridgeport,OR,97819
323-983-1940,John,Harris,john.joseph.harris61@gmail.com,27 State Street,Las Vegas,NV,89199
575-824-2614,Tyler,Russell,tyler.russell97@hotmail.com,77935 Prospect Street,Pomfret,MD,20675
503-164-9451,Sean,Nelson,seanjnelson78@aol.com,2879 Hickory Lane,White Hall,MD,21161
802-526-5321,Sofia,Young,smyoung@aol.com,81449 Franklin Avenue,Portland,OR,97269
734-259-7118,Eric,Butler,e.j.butler@rocketmail.com,6274 Holly Drive,Eldorado,WI,54932
802-318-5867,Theodore,Bryant,tbryant@ymail.com,153 Pennsylvania Avenue,Hakalau,HI,96710
651-690-1578,Mark,Bailey,m.bailey68@ymail.com,96855 Poplar Street,Perry,SD,57309
423-139-9073,Kayla,Williams,k.m73@outlook.com,49554 6th Street West,Brownfield,PA,15416
443-828-4290,Mateo,Turner,mateojoseph@gmail.com,24 Ridge Road,Terryville,CT,06786
843-116-5419,James,Collins,jamescollins@yahoo.com,7837 Woodland Drive,Stockton,IA,52769
920-981-1080,Oliver,Gray,ogray@hotmail.com,8983 Main Street North,Saint Louis,MO,63132
220-395-8471,Sara,Taylor,s_taylor@rocketmail.com,94 Cedar Street,New Oxford,PA,17350
863-477-0208,Haley,Bailey,haley.bailey51@rocketmail.com,17 George Street,Brooklyn,NY,11239
931-617-2815,Michelle,Allen,mallen@outlook.com,30504 Route 1,Friedheim,MO,63747
847-593-1727,Michelle,Henderson,michelle_irene@gmail.com,12 Railroad Avenue,Sanborn,IA,51248
612-463-0930,Grace,Kelly,graceakelly@outlook.com,4012 Monroe Street,Kersey,PA,15846
715-783-3147,Claire,Ramirez,claire@live.com,7138 Cambridge Court,North Benton,OH,44449
712-379-8527,Andrew,Phillips,a.r.phillips@aol.com,474 Oak Lane,Cleveland,OH,44108
440-060-2310,Kayla,Ross,kayla@rocketmail.com,89105 Sunset Drive,Oak Hill,AL,36766
903-423-9696,Natalie,Butler,n_r_butler16@hotmail.com,71 Creek Road,Tyro,KS,67364
940-126-0229,Theodore,Morris,theodorealan@aol.com,37 Main Street South,Loveville,MD,20656
915-600-8818,Lillian,Torres,l_m_torres@yahoo.com,68 Ridge Avenue,Diamond,OH,44412
510-956-7957,Benjamin,Miller,brmiller@rocketmail.com,1589 6th Street West,Lowman,ID,83637
702-230-4514,James,Diaz,james.diaz@yahoo.com,63273 Laurel Street,Clearlake,WA,98235
276-259-1800,Mary,Moore,m.moore@yahoo.com,80905 Walnut Street,Bradley,FL,33835
650-136-9360,Andrew,Simmons,a_simmons@ymail.com,635 West Street,Orem,UT,84097
479-842-9929,Brianna,Stewart,b.m1@rocketmail.com,6093 Valley Road,Jump River,WI,54434
606-206-9019,Mary,Ward,m.ward@live.com,45439 7th Street East,Roanoke,VA,24025
401-096-2497,Joshua,James,jjames@ymail.com,188 George Street,Goshen,AL,36035
973-780-2443,Lillian,Jenkins,lillian.ann.jenkins@live.com,9062 Berkshire Drive,Fairless Hills,PA,19030
213-374-1196,Stephen,Cooper,s_cooper78@ymail.com,5459 5th Street West,Thornton,CA,95686
430-462-5075,Jennifer,Hill,j_r_hill@outlook.com,33 Broadway,York,PA,17402
860-297-0470,Isabella,Rivera,i.rivera@ymail.com,1856 4th Avenue,Las Vegas,NV,89124
520-926-5315,Anthony,Nelson,anthonynelson44@hotmail.com,54 Park Avenue,New Brunswick,NJ,08903
520-957-0556,Rebecca,Stewart,rebecca@ymail.com,68769 4th Street,Roanoke,VA,24023
406-620-9460,Amber,Richardson,alrichardson@gmail.com,49 Clark Street,Corvallis,OR,97331
941-291-4428,Kaitlyn,Stewart,k.stewart@yahoo.com,97686 5th Street,Cando,ND,58324
804-348-2024,Brittany,Peterson,brittany_l_peterson@hotmail.com,812 Sherwood Drive,Arlington,SD,57212
252-371-1845,Tyler,Alexander,tyleraalexander@yahoo.com,52705 Oak Lane,Rome,IN,47574
215-884-3808,Victoria,Miller,victoria_lou@gmail.com,71346 Route 1,Cleveland,GA,30528
304-735-3289,Layla,Phillips,laylamayphillips@rocketmail.com,53 Cedar Street,Urbandale,IA,50322
843-050-2560,Amelia,Hughes,a_d47@ymail.com,93405 Circle Drive,Paducah,KY,42001
606-543-6063,Amber,Rivera,amberrivera@rocketmail.com,34554 Dogwood Drive,Ismay,MT,59336
808-262-5550,Jonathan,Jones,jonathan_jones61@rocketmail.com,24995 Brookside Drive,Blue Mound,MO,64600
567-514-4771,Joseph,Long,joseph@aol.com,551 Virginia Avenue,Firebaugh,CA,93622
223-241-9853,Thomas,Johnson,tjohnson@ymail.com,5423 Lake Street,Lick Creek,KY,41540
762-102-9449,David,Moore,davidemoore@hotmail.com,245 Elizabeth Street,Starbuck,MN,56381
580-456-6690,Kyle,Jones,kyle@hotmail.com,922 North Street,Richland,IN,47634
571-696-9513,Jason,Simmons,jason_simmons@rocketmail.com,21423 Poplar Street,Royston,GA,30662
559-274-4057,Isabella,Carter,isabellacarter88@aol.com,69140 West Street,Alexandria,VA,22313
304-126-3122,Nicholas,Foster,n_foster@ymail.com,4867 George Street,Brooklyn,IN,46111
713-664-6051,Oliver,Turner,oliver.turner@ymail.com,7277 Highland Avenue,Saint Thomas,MO,65076
910-541-6032,Brittany,Phillips,b_m3@rocketmail.com,43 Surrey Lane,Stockton,CA,95203
857-175-1310,Austin,King,a_j@outlook.com,281 Bridge Street,Bent,NM,88314
507-633-8645,Benjamin,Robinson,b_j4@hotmail.com,92 Route 29,Fairfax,MO,64446
732-877-3620,Joseph,Davis,josepheugene74@hotmail.com,94 10th Street,Dutzow,MO,63342
718-675-3488,Patrick,Brown,pbrown@live.com,1131 Prospect Street,Macon,VA,23101
743-792-6195,Eric,Ramirez,ericramirez@aol.com,262 Hill Street,Richland,KS,67033
716-050-4544,Audrey,Adams,a_m_adams@outlook.com,56543 Market Street,Atlanta,GA,31196
760-659-9333,Steven,Wilson,sawilson@outlook.com,33078 Dogwood Drive,Buford,GA,30518
425-986-8759,Oliver,Nelson,oliverjoseph@live.com,6 Circle Drive,Wentworth,NH,03282
215-744-2150,Charles,Brown,cr@rocketmail.com,659 Cambridge Drive,Ashland,AL,36251
646-676-5097,Layla,Patterson,l_j_patterson@aol.com,4742 Main Street,Belfry,MT,59008
929-129-0444,Mary,Hughes,mary.hughes@outlook.com,53423 Dogwood Lane,Jerome,MI,49249
903-598-2270,Sophia,Anderson,s_anderson@aol.com,8824 5th Street West,Philo,IL,61864
339-741-3722,Sara,Moore,saramariemoore@rocketmail.com,575 Railroad Street,Honolulu,HI,96814
325-920-0509,Eleanor,Parker,eleanorjparker@hotmail.com,7827 Penn Street,Idaho Falls,ID,83405
223-761-7114,Daniel,Brooks,daniel.brooks@yahoo.com,843 4th Street West,Kempster,WI,54444
520-663-6781,Zachary,Long,z.long@rocketmail.com,77 Grant Street,Pontiac,MO,65729
407-429-0094,Alyssa,Parker,a.parker@aol.com,865 Virginia Avenue,Shirley,NY,11967
562-422-1161,Brittany,Moore,brittany_moore60@ymail.com,3855 Lafayette Avenue,Augusta,MO,63332
417-480-2091,Jack,Mitchell,j.j.mitchell@ymail.com,2301 12th Street,Heart Butte,MT,59448
636-388-4511,Brian,Wood,b.a@aol.com,204 River Road,Wilmer,AL,36587
424-487-6870,Amanda,Reed,a.reed78@rocketmail.com,31 Durham Road,Reynoldsville,PA,15851
510-096-1196,Katherine,Lee,katherine_lee@ymail.com,733 Main Street South,Norcross,GA,30091
657-461-2030,Christina,Bailey,c.r.bailey@ymail.com,79953 Sherwood Drive,Tacoma,WA,98446
563-717-9621,Joshua,Scott,jscott@outlook.com,43 Adams Street,Melcher,IA,50163
865-059-6410,Nathan,Perez,n_perez@gmail.com,662 Lake Street,Fort Edward,NY,12828
747-143-0894,Matthew,Kelly,mtkelly@hotmail.com,666 Prospect Avenue,Andalusia,AL,36420
317-892-7617,Jack,Wilson,jackmichaelwilson@live.com,19 5th Street North,Paragould,AR,72450
228-867-6962,Katherine,Patterson,kpatterson@hotmail.com,4 5th Street West,Wilkes Barre,PA,18768
957-843-3536,Patrick,Butler,patrick.alexander.butler@hotmail.com,78016 Delaware Avenue,Hines,MN,56647
567-129-3232,Jasmine,Scott,j.scott@yahoo.com,91 Fairview Avenue,Jacksonville,FL,32205
718-481-1394,Brittany,Bryant,b.f@ymail.com,2231 Oak Street,Orange,CA,92865
903-470-9370,Katherine,Sanders,katherinemichellesanders10@hotmail.com,9806 Mill Street,Mohawk,TN,37810
915-722-6999,Amber,Long,am@ymail.com,1958 Hilltop Road,Highland Park,IL,60035
803-897-3995,Amelia,Bryant,a_bryant@ymail.com,64613 Park Street,Wilmington,DE,19806
660-587-5089,Robert,Washington,r.washington13@ymail.com,9 6th Avenue,Stearns,KY,42647
214-729-8211,Christina,Lee,cl@live.com,6931 Hill Street,Lamy,NM,87540
765-156-5127,Anthony,Cooper,a.cooper@live.com,476 Walnut Street,Porters Sideling,PA,17354
972-907-0437,Aubrey,Harris,a.harris@gmail.com,82 Front Street,Mankato,MN,56001
219-157-1280,Rachel,Hernandez,rachel_hernandez@yahoo.com,23050 Hill Street,Zortman,MT,59546
406-803-7447,Mark,Henderson,mark.wayne.henderson81@rocketmail.com,6221 River Street,Waldron,KS,67150
810-050-1023,Brian,Brooks,b_brooks@outlook.com,4109 Dogwood Drive,Lincolndale,NY,10540
575-535-2144,John,Howard,johnd@hotmail.com,9157 Delaware Avenue,Arlington,VA,22218
940-472-4770,Joseph,Smith,j.smith58@aol.com,24 Pleasant Street,Mize,KY,41352
615-480-4299,Jose,Hayes,j_hayes@aol.com,44947 Heather Lane,Java Village,NY,14083
636-042-5271,Rebecca,Brown,rsbrown@ymail.com,4144 Main Street,Parma,MI,49269
912-535-8370,Nathan,Hill,n.h@hotmail.com,12 Circle Drive,South Portland,ME,04116
541-722-6919,Natalie,Bell,natalieleebell@live.com,1970 Elizabeth Street,Aberdeen,SD,57402
989-059-3658,Tyler,Roberts,tyler.w.roberts@gmail.com,51910 Mill Road,Quinnesec,MI,49876
661-590-0040,Eric,Green,eric.scott.green32@ymail.com,829 Broadway,Culdesac,ID,83524
772-627-8872,Stephen,Bryant,stephenbryant47@ymail.com,9010 Lafayette Avenue,Frederick,OK,73542
314-193-5073,Ethan,Bennett,e_r_bennett@hotmail.com,394 Oak Lane,Grandview,IN,47615
804-958-4019,David,Parker,davideparker@yahoo.com,7203 Brookside Drive,Havana,KS,67347
412-042-2994,Ashley,King,a.king49@gmail.com,32 School Street,Northridge,CA,91329
573-986-0967,Samuel,Wilson,s_g_wilson@yahoo.com,126 North Street,Edgar,WI,54426
331-211-4548,Mateo,Barnes,mwbarnes@live.com,606 Hickory Lane,Lithonia,GA,30038
248-410-8299,Henry,Garcia,henryjgarcia@live.com,32617 Poplar Street,Willow Street,PA,17584
910-403-7684,Kaitlyn,Sanders,k_e@hotmail.com,81992 Prospect Street,Benton,KY,42025
351-400-2053,Sophia,Thomas,s_thomas@gmail.com,33650 2nd Street West,Waiteville,WV,24984
610-223-3899,Christina,Howard,christina_f_howard70@gmail.com,281 Woodland Drive,Stella,MO,64867
239-880-4650,David,Hughes,d.hughes6@gmail.com,8486 Hillside Drive,Boulder,CO,80322
610-340-9062,Dylan,Powell,dylanallenpowell@live.com,6267 Highland Avenue,Tipton,KS,67495
551-347-4034,John,Johnson,john_johnson@yahoo.com,62 Mulberry Street,Plant City,FL,33566
402-459-6660,Jose,Taylor,j_m@rocketmail.com,26276 Summit Avenue,Goshen,MA,01032
443-627-8061,Jonathan,Clark,jjclark@hotmail.com,110 Spruce Street,Sasabe,AZ,85633
215-462-4099,Victoria,Parker,v.parker@rocketmail.com,92526 Essex Court,Walnut Springs,TX,76690
715-899-3419,Audrey,Johnson,audreyjohnson@aol.com,50 Cherry Lane,Evans,CO,80620
864-310-4891,Allison,Howard,allison.lynn.howard@rocketmail.com,303 Walnut Avenue,Naval Air Station/ Jrb,TX,76127
540-124-7547,Michelle,Foster,michelle_foster@live.com,4025 Holly Drive,Clarksville,TN,37040
410-036-0839,Emma,Robinson,errobinson@gmail.com,2725 Mill Street,Miami,FL,33157
831-573-9432,Oliver,Rogers,o.rogers@outlook.com,6259 Myrtle Avenue,Sheboygan,WI,53081
650-892-7228,Michelle,Brooks,mjbrooks@hotmail.com,6277 6th Street North,Proctor,OK,74457
220-240-8620,Alexander,White,alexander_white89@aol.com,20 1st Avenue,Timber Lake,SD,57656
935-485-4951,Ava,Miller,ava_ruth_miller@rocketmail.com,9521 Franklin Street,Washington,DC,20578
573-771-9051,James,Allen,j.m.allen@hotmail.com,7 3rd Avenue,Felton,GA,30140
814-144-7514,Natalie,Kelly,nataliekelly60@hotmail.com,17 High Street,Sheridan,ME,04775
716-928-1476,Stephen,Gonzales,stephen_gonzales@ymail.com,8329 Harrison Street,Oilton,OK,74052
325-855-2837,Isaac,Watson,iwatson@live.com,445 Shady Lane,Columbus,NJ,08022
760-985-9515,Mark,Adams,m_adams15@aol.com,50858 East Street,Tyler,TX,75701
360-894-9800,James,Martinez,j_j_martinez@yahoo.com,56 Green Street,Isle Of Springs,ME,04549
620-933-8628,Taylor,Parker,tl@outlook.com,26278 Jackson Street,Hadar,NE,68738
318-226-3790,Chelsea,Hayes,chelseahayes@aol.com,94 5th Street,Frankfort,KY,40621
917-867-2729,Eric,Lee,e.lee@gmail.com,9515 Brookside Drive,Kenney,TX,77452
276-410-3618,Hannah,Hall,hannah.e.hall@ymail.com,46 Fairview Avenue,Madison,NE,68748
718-159-7126,Christina,Torres,ctorres@yahoo.com,18 7th Street East,Clifton,AZ,85533
585-780-7864,David,White,david.white@gmail.com,585 11th Street,San Diego,CA,92130
916-110-0626,Jeremy,Barnes,jeremybarnes@live.com,369 High Street,Ann Arbor,MI,48107
540-261-4094,Christina,Watson,c_watson43@gmail.com,523 Water Street,Inglewood,CA,90313
224-154-1758,Jose,Diaz,j.diaz@rocketmail.com,9187 Hill Street,New York,NY,10040
857-733-9394,Sebastian,Rodriguez,sebastianrodriguez@rocketmail.com,72470 Spring Street,Trenton,NJ,08611
650-720-7863,Justin,Rodriguez,justinrodriguez@ymail.com,97682 Hilltop Road,Dwight,NE,68635
972-910-9958,Stephen,Price,s.price@ymail.com,27870 Main Street,Turin,IA,51059
718-823-7732,Owen,Hall,owen.hall@hotmail.com,9498 Route 1,Wykagyl,NY,10804
870-881-6182,Dylan,Baker,d.g.baker@gmail.com,86105 Laurel Lane,Quincy,MA,02169
770-687-3296,Joseph,Lewis,j_s_lewis@hotmail.com,4422 Bridge Street,Baileys Harbor,WI,54202
661-847-3821,Kelsey,Howard,kelsey.howard@rocketmail.com,84577 Court Street,Claremont,IL,62421
516-837-6535,Richard,Collins,richard.ray.collins@yahoo.com,83211 Front Street,Coleman,OK,73432
475-009-8903,Robert,Reed,robert.reed@live.com,88 Washington Street,Abbeville,GA,31001
361-245-8154,Dylan,Collins,dylan@gmail.com,23746 Warren Street,Central Village,CT,06332
936-251-8795,Gabriel,Thomas,g.s.thomas@live.com,63177 6th Avenue,Carrollton,GA,30117
919-260-9017,Theodore,Wilson,t_f_wilson@ymail.com,849 4th Avenue,Kirkersville,OH,43033
308-870-1241,Haley,Collins,haley_r@hotmail.com,2188 Laurel Lane,Fruitvale,TX,75127
224-383-4835,Charlotte,White,charlottewhite@ymail.com,8880 Hilltop Road,Torrey,UT,84775
903-995-5994,Jose,Washington,j.washington@yahoo.com,8960 Beech Street,Springfield,LA,70462
636-537-3676,Jessica,Walker,jl@outlook.com,2355 Vine Street,Orlando,FL,32817
805-175-1919,Ava,Miller,avalouisemiller@outlook.com,75023 Main Street East,Warrensburg,IL,62573
404-312-1043,Nicholas,Griffin,nicholas.james.griffin@gmail.com,5073 Pine Street,Cairo,GA,31728
248-424-7778,Sara,Miller,sara_lynn_miller@rocketmail.com,9755 Sherwood Drive,Collinsville,CT,06022
347-236-5694,Kevin,Reed,kreed@rocketmail.com,5233 Summit Avenue,Commerce,GA,30599
810-807-4091,Emma,Henderson,eghenderson@gmail.com,29324 Elizabeth Street,Salinas,PR,00751
302-420-7223,Samuel,Smith,sssmith@yahoo.com,89795 Washington Street,Durand,IL,61024
734-823-1261,Layla,Wilson,l_wilson88@live.com,27359 Pennsylvania Avenue,Talmage,NE,68448
220-755-4860,Sebastian,Wright,s_r_wright@live.com,4 Locust Street,Fort Lauderdale,FL,33313
681-791-8285,Laura,Wood,l.wood20@ymail.com,292 Monroe Street,Wassaic,NY,12592
814-926-7571,Richard,Johnson,richard.a.johnson@gmail.com,50126 Poplar Street,Preston,MN,55965
278-378-0595,Owen,Wood,oawood@aol.com,48327 Main Street West,Mulberry,TN,37359
317-038-1262,Joseph,Patterson,joseph.michael.patterson@hotmail.com,35985 7th Avenue,Wichita Falls,TX,76310
630-959-5334,Chelsea,Allen,c.allen@live.com,35 College Avenue,Perry,ME,04667
239-920-3000,Michael,Simmons,m.t.simmons@gmail.com,7270 Central Avenue,Humboldt,AZ,86329
406-774-1223,Brianna,Moore,brianna_moore99@rocketmail.com,57359 1st Avenue,Deerfield,MO,64741
616-434-9739,Robert,Walker,robert_matthew@rocketmail.com,84148 6th Street,Holbrook,NY,11741
975-173-1273,Sebastian,Ramirez,s.ramirez@rocketmail.com,24461 Lincoln Avenue,Katy,TX,77494
689-481-1301,Tiffany,Collins,tiffany@rocketmail.com,563 Ridge Road,Hawley,PA,18428
813-153-2494,Amanda,Davis,a_davis@live.com,511 Hamilton Street,Oklahoma City,OK,73179
719-077-9064,Charles,Perez,c.perez@outlook.com,523 New Street,Verona,PA,15147
747-476-0713,Adam,Gray,a_r_gray@outlook.com,6337 Primrose Lane,Roans Prairie,TX,77875
708-006-5577,Melissa,Evans,m_evans@gmail.com,88722 6th Street West,Kent,OH,44240
409-718-7930,Ethan,Cox,ethan.r@live.com,56 Lincoln Street,Laguna Niguel,CA,92607
539-215-3075,Christopher,Jackson,christopher.jackson@outlook.com,1812 Spruce Street,Glen Arbor,MI,49636
380-404-6329,Grace,Ross,grace@ymail.com,9627 Route 6,Seale,AL,36875
507-914-7748,Jasmine,Hayes,j_r_hayes@gmail.com,351 Highland Avenue,Taconic,CT,06079
502-798-0559,Laura,Ross,laura.ross@aol.com,2 Main Street North,Kamiah,ID,83536
941-998-3215,Ethan,Cook,e.j@ymail.com,28796 Route 30,Federal Way,WA,98093
510-704-1853,Layla,Cox,l.n.cox@outlook.com,658 Elm Street,Wake Forest,NC,27588
641-935-8453,Haley,Sanchez,haleysanchez@hotmail.com,2918 Summit Street,San Diego,CA,92192
956-292-2737,Sean,Lee,s_lee@gmail.com,9844 Prospect Street,Moscow,TN,38057
862-820-8263,Alexis,Thomas,aathomas@gmail.com,369 Main Street West,Marion,MT,59925
657-095-8095,Jennifer,Baker,jbaker@yahoo.com,5046 13th Street,Big Falls,MN,56627
951-685-1482,Mary,Powell,m_powell@gmail.com,8764 Belmont Avenue,Fleischmanns,NY,12430
631-862-8292,Aubrey,Collins,aubreymcollins@hotmail.com,4402 Pine Street,Snellville,GA,30078
606-900-5580,Sean,Russell,seanrussell@rocketmail.com,7529 Ridge Avenue,Lester,IA,51242
631-008-2098,Isaac,Rivera,isaac_rivera@rocketmail.com,3721 Pennsylvania Avenue,East Bethany,NY,14054
858-452-1963,Isabella,Lopez,isabella_m_lopez@ymail.com,76462 Jefferson Street,Danbury,CT,06819
927-941-6357,Michelle,Murphy,michelle_m2@live.com,586 Locust Street,Coulterville,IL,62237
927-281-8735,Samuel,Allen,s_allen@gmail.com,58 Hill Street,South Bristol,ME,04568
972-506-2850,Mateo,Taylor,mateowayne@hotmail.com,56 6th Avenue,Seward,IL,61077
862-148-7919,Jonathan,Hernandez,jonathan@aol.com,6902 Adams Street,Oakland,ME,04963
239-457-5248,Emma,Morris,emmamorris@ymail.com,1569 College Street,San Antonio,TX,78246
740-709-7890,Alexandra,Diaz,alexandra.diaz@hotmail.com,247 Center Street,Robertson,WY,82944
423-873-0608,Amber,Collins,a_collins@live.com,15 Clark Street,Thomson,IL,61285
443-010-3148,Charlotte,Bennett,charlotte.l.bennett@yahoo.com,54883 Franklin Street,Little Neck,NY,11362
720-894-1383,Jeremy,Cox,jcox@live.com,922 Cherry Lane,Vanderbilt Beach,FL,34107
801-368-5847,Danielle,Taylor,dtaylor@live.com,16 Bridge Street,Sudan,TX,79321
309-315-3364,Nicole,Powell,nmpowell@ymail.com,30673 River Road,McKeesport,PA,15133
585-415-3032,Brittany,Richardson,brittany_faith_richardson56@live.com,958 South Street,Coleridge,NE,68727
310-334-6506,Rachel,Sanchez,r_sanchez@ymail.com,2269 13th Street,The Dalles,OR,97058
606-631-4426,Abigail,Sanders,abigail_l_sanders@outlook.com,564 Meadow Lane,Rodney,IA,51051
947-670-2143,Matthew,Miller,memiller@outlook.com,103 Route 30,Hoonah,AK,99829
813-340-8004,Mary,Johnson,m_j@hotmail.com,2661 Laurel Street,Corinth,MS,38835
440-776-7734,Katherine,Davis,k.r.davis7@hotmail.com,57 Main Street North,Westmorland,CA,92281
331-956-9075,Amelia,Foster,amelia_may_foster@outlook.com,75 Lake Street,Waddy,KY,40076
234-030-2300,John,Hall,john_hall@hotmail.com,853 Meadow Lane,Orangeburg,NY,10962
985-360-1049,Katherine,Smith,ksmith@ymail.com,3176 Franklin Avenue,Osteen,FL,32764
503-973-3829,Kelsey,Sanchez,ksanchez@rocketmail.com,4507 Brookside Drive,Villa Ridge,IL,62996
539-787-8908,Nicole,Harris,nicoleleeharris93@ymail.com,4879 State Street,Trujillo Alto,PR,00977
929-329-9568,Kayla,Morgan,kmorgan@live.com,42 13th Street,Spring Brook,NY,14140
913-972-9974,Joshua,Williams,joshuawilliams@outlook.com,2 Valley Road,Glendale,UT,84729
832-342-7852,Anthony,Hernandez,anthony.hernandez@live.com,78739 3rd Street West,Lorida,FL,33857
747-155-1957,Sarah,Brown,sarah_j_brown@rocketmail.com,73 Cambridge Court,Pine Brook,NJ,07058
772-743-6041,Aaron,Jackson,a_g_jackson@hotmail.com,81912 Hilltop Road,South Bend,IN,46626
931-867-4055,Sean,Bennett,sean_bennett@yahoo.com,14588 Cedar Street,Campbellsville,KY,42718
505-636-2921,Emma,Allen,e.m.allen@hotmail.com,58 Hillcrest Drive,Alpena,AR,72611
442-359-7079,William,Anderson,williamanderson@ymail.com,457 River Road,Bapchule,AZ,85221
539-849-4231,Sara,Perez,s_r_perez90@ymail.com,2748 Ridge Avenue,Laurel Springs,NC,28644
703-706-5883,Samantha,Brooks,samantha.brooks@ymail.com,285 Park Street,Hazel,SD,57242
775-763-0859,Courtney,Cox,c_r_cox@rocketmail.com,445 4th Street West,Ludlow,MO,64656
603-945-9053,Charlotte,Lewis,charlotte.s@aol.com,73748 Lakeview Drive,Philadelphia,PA,19183
718-398-8062,Jessica,Perez,jessica_m_perez@yahoo.com,52261 Hillside Avenue,Austin,TX,78735
414-585-8800,Jessica,Murphy,jessicajmurphy@gmail.com,3922 Summit Avenue,Garrison,UT,84728
442-840-3745,Andrew,Wood,a_d_wood@ymail.com,5015 Church Road,Rapids City,IL,61278
571-032-7981,Jonathan,Harris,jonathanrharris@rocketmail.com,556 Monroe Street,Trenton,NE,69044
917-110-1584,Joshua,Evans,j_evans29@ymail.com,11456 2nd Street,Columbia,OH,45127
907-582-6245,Andrew,Roberts,andrew_roberts@yahoo.com,12492 4th Avenue,Mooreton,ND,58061
539-909-6488,Sean,Wilson,sean.wilson@live.com,71 Meadow Lane,Richmond,MI,48062
757-236-2711,Nicole,Mitchell,nicole_mitchell@gmail.com,3695 Prospect Avenue,Duck River,TN,38454
860-000-3060,Eric,Hughes,ehughes@rocketmail.com,7203 Buckingham Drive,Los Angeles,CA,90083
407-200-5815,Aubrey,Jackson,a.i.jackson@ymail.com,769 Elm Street,Schenectady,NY,12305
407-064-8275,Benjamin,Morris,b.l.morris29@hotmail.com,66 Pine Street,Little Rock,AR,72202
407-655-4998,Nicholas,Perez,nicholasperez86@gmail.com,385 Delaware Avenue,Cleveland,OH,44135
508-746-6405,Charlotte,Gonzales,charlotte_g_gonzales@aol.com,67 Hillside Avenue,Brockton,MA,02404
678-737-9562,Natalie,Mitchell,natalie.mitchell23@aol.com,9060 Route 6,Wellfleet,NE,69170
